user_id,action count,action count ratio,day count,product diversity,1111 action count,1111 action count ratio,1111 activity ratio,last week action count,last week action count ratio,last week activity ratio,last month action count,last month action count ratio,last month activity ratio,% repeat buyer gender,% repeat buyer age,month,day,user_monthly_action_count,month_total_action_count,monthly_action_count_ratio,monthly_mean_action_type,user_buys,user_buy_ratio
379824,6,0.015584415584415584,2,0.005917159763313609,3,0.013157894736842105,0.5,6,0.016901408450704224,1.0,6,0.01639344262295082,1.0,0.73,0.05,11,11,6,362,0.016574585635359115,0.3333333333333333,1,0.16666666666666666
379824,6,0.015584415584415584,2,0.005917159763313609,3,0.013157894736842105,0.5,6,0.016901408450704224,1.0,6,0.01639344262295082,1.0,0.73,0.05,11,11,6,362,0.016574585635359115,0.3333333333333333,1,0.16666666666666666
379824,6,0.015584415584415584,2,0.005917159763313609,3,0.013157894736842105,0.5,6,0.016901408450704224,1.0,6,0.01639344262295082,1.0,0.73,0.05,11,11,6,362,0.016574585635359115,0.3333333333333333,1,0.16666666666666666
379824,6,0.015584415584415584,2,0.005917159763313609,3,0.013157894736842105,0.5,6,0.016901408450704224,1.0,6,0.01639344262295082,1.0,0.73,0.05,11,10,6,362,0.016574585635359115,0.3333333333333333,1,0.16666666666666666
379824,6,0.015584415584415584,2,0.005917159763313609,3,0.013157894736842105,0.5,6,0.016901408450704224,1.0,6,0.01639344262295082,1.0,0.73,0.05,11,10,6,362,0.016574585635359115,0.3333333333333333,1,0.16666666666666666
379824,6,0.015584415584415584,2,0.005917159763313609,3,0.013157894736842105,0.5,6,0.016901408450704224,1.0,6,0.01639344262295082,1.0,0.73,0.05,11,10,6,362,0.016574585635359115,0.3333333333333333,1,0.16666666666666666
141307,9,0.023376623376623377,2,0.005917159763313609,6,0.02631578947368421,0.6666666666666666,9,0.02535211267605634,1.0,9,0.02459016393442623,1.0,0.73,0.23,11,7,9,362,0.024861878453038673,0.2222222222222222,1,0.1111111111111111
141307,9,0.023376623376623377,2,0.005917159763313609,6,0.02631578947368421,0.6666666666666666,9,0.02535211267605634,1.0,9,0.02459016393442623,1.0,0.73,0.23,11,7,9,362,0.024861878453038673,0.2222222222222222,1,0.1111111111111111
141307,9,0.023376623376623377,2,0.005917159763313609,6,0.02631578947368421,0.6666666666666666,9,0.02535211267605634,1.0,9,0.02459016393442623,1.0,0.73,0.23,11,7,9,362,0.024861878453038673,0.2222222222222222,1,0.1111111111111111
141307,9,0.023376623376623377,2,0.005917159763313609,6,0.02631578947368421,0.6666666666666666,9,0.02535211267605634,1.0,9,0.02459016393442623,1.0,0.73,0.23,11,11,9,362,0.024861878453038673,0.2222222222222222,1,0.1111111111111111
141307,9,0.023376623376623377,2,0.005917159763313609,6,0.02631578947368421,0.6666666666666666,9,0.02535211267605634,1.0,9,0.02459016393442623,1.0,0.73,0.23,11,11,9,362,0.024861878453038673,0.2222222222222222,1,0.1111111111111111
141307,9,0.023376623376623377,2,0.005917159763313609,6,0.02631578947368421,0.6666666666666666,9,0.02535211267605634,1.0,9,0.02459016393442623,1.0,0.73,0.23,11,11,9,362,0.024861878453038673,0.2222222222222222,1,0.1111111111111111
141307,9,0.023376623376623377,2,0.005917159763313609,6,0.02631578947368421,0.6666666666666666,9,0.02535211267605634,1.0,9,0.02459016393442623,1.0,0.73,0.23,11,11,9,362,0.024861878453038673,0.2222222222222222,1,0.1111111111111111
141307,9,0.023376623376623377,2,0.005917159763313609,6,0.02631578947368421,0.6666666666666666,9,0.02535211267605634,1.0,9,0.02459016393442623,1.0,0.73,0.23,11,11,9,362,0.024861878453038673,0.2222222222222222,1,0.1111111111111111
141307,9,0.023376623376623377,2,0.005917159763313609,6,0.02631578947368421,0.6666666666666666,9,0.02535211267605634,1.0,9,0.02459016393442623,1.0,0.73,0.23,11,11,9,362,0.024861878453038673,0.2222222222222222,1,0.1111111111111111
252255,1,0.0025974025974025974,1,0.005917159763313609,1,0.0043859649122807015,1.0,1,0.0028169014084507044,1.0,1,0.00273224043715847,1.0,0.73,0.73,11,11,1,362,0.0027624309392265192,0.0,0,0.0
309566,1,0.0025974025974025974,1,0.005917159763313609,1,0.0043859649122807015,1.0,1,0.0028169014084507044,1.0,1,0.00273224043715847,1.0,0.27,0.05,11,11,1,362,0.0027624309392265192,2.0,1,1.0
206032,14,0.03636363636363636,7,0.005917159763313609,6,0.02631578947368421,0.42857142857142855,13,0.036619718309859155,0.9285714285714286,14,0.03825136612021858,1.0,0.27,0.23,11,8,14,362,0.03867403314917127,0.5,2,0.14285714285714285
206032,14,0.03636363636363636,7,0.005917159763313609,6,0.02631578947368421,0.42857142857142855,13,0.036619718309859155,0.9285714285714286,14,0.03825136612021858,1.0,0.27,0.23,11,8,14,362,0.03867403314917127,0.5,2,0.14285714285714285
206032,14,0.03636363636363636,7,0.005917159763313609,6,0.02631578947368421,0.42857142857142855,13,0.036619718309859155,0.9285714285714286,14,0.03825136612021858,1.0,0.27,0.23,11,4,14,362,0.03867403314917127,0.5,2,0.14285714285714285
206032,14,0.03636363636363636,7,0.005917159763313609,6,0.02631578947368421,0.42857142857142855,13,0.036619718309859155,0.9285714285714286,14,0.03825136612021858,1.0,0.27,0.23,11,4,14,362,0.03867403314917127,0.5,2,0.14285714285714285
206032,14,0.03636363636363636,7,0.005917159763313609,6,0.02631578947368421,0.42857142857142855,13,0.036619718309859155,0.9285714285714286,14,0.03825136612021858,1.0,0.27,0.23,11,11,14,362,0.03867403314917127,0.5,2,0.14285714285714285
206032,14,0.03636363636363636,7,0.005917159763313609,6,0.02631578947368421,0.42857142857142855,13,0.036619718309859155,0.9285714285714286,14,0.03825136612021858,1.0,0.27,0.23,11,11,14,362,0.03867403314917127,0.5,2,0.14285714285714285
206032,14,0.03636363636363636,7,0.005917159763313609,6,0.02631578947368421,0.42857142857142855,13,0.036619718309859155,0.9285714285714286,14,0.03825136612021858,1.0,0.27,0.23,11,7,14,362,0.03867403314917127,0.5,2,0.14285714285714285
206032,14,0.03636363636363636,7,0.005917159763313609,6,0.02631578947368421,0.42857142857142855,13,0.036619718309859155,0.9285714285714286,14,0.03825136612021858,1.0,0.27,0.23,11,11,14,362,0.03867403314917127,0.5,2,0.14285714285714285
206032,14,0.03636363636363636,7,0.005917159763313609,6,0.02631578947368421,0.42857142857142855,13,0.036619718309859155,0.9285714285714286,14,0.03825136612021858,1.0,0.27,0.23,11,11,14,362,0.03867403314917127,0.5,2,0.14285714285714285
206032,14,0.03636363636363636,7,0.005917159763313609,6,0.02631578947368421,0.42857142857142855,13,0.036619718309859155,0.9285714285714286,14,0.03825136612021858,1.0,0.27,0.23,11,11,14,362,0.03867403314917127,0.5,2,0.14285714285714285
206032,14,0.03636363636363636,7,0.005917159763313609,6,0.02631578947368421,0.42857142857142855,13,0.036619718309859155,0.9285714285714286,14,0.03825136612021858,1.0,0.27,0.23,11,11,14,362,0.03867403314917127,0.5,2,0.14285714285714285
206032,14,0.03636363636363636,7,0.005917159763313609,6,0.02631578947368421,0.42857142857142855,13,0.036619718309859155,0.9285714285714286,14,0.03825136612021858,1.0,0.27,0.23,11,3,14,362,0.03867403314917127,0.5,2,0.14285714285714285
206032,14,0.03636363636363636,7,0.005917159763313609,6,0.02631578947368421,0.42857142857142855,13,0.036619718309859155,0.9285714285714286,14,0.03825136612021858,1.0,0.27,0.23,11,9,14,362,0.03867403314917127,0.5,2,0.14285714285714285
206032,14,0.03636363636363636,7,0.005917159763313609,6,0.02631578947368421,0.42857142857142855,13,0.036619718309859155,0.9285714285714286,14,0.03825136612021858,1.0,0.27,0.23,11,5,14,362,0.03867403314917127,0.5,2,0.14285714285714285
182119,2,0.005194805194805195,2,0.005917159763313609,1,0.0043859649122807015,0.5,2,0.005633802816901409,1.0,2,0.00546448087431694,1.0,0.73,0.23,11,11,2,362,0.0055248618784530384,0.0,0,0.0
182119,2,0.005194805194805195,2,0.005917159763313609,1,0.0043859649122807015,0.5,2,0.005633802816901409,1.0,2,0.00546448087431694,1.0,0.73,0.23,11,10,2,362,0.0055248618784530384,0.0,0,0.0
68225,1,0.0025974025974025974,1,0.005917159763313609,0,0.0,0.0,1,0.0028169014084507044,1.0,1,0.00273224043715847,1.0,0.73,0.05,11,8,1,362,0.0027624309392265192,0.0,0,0.0
109919,1,0.0025974025974025974,1,0.005917159763313609,0,0.0,0.0,1,0.0028169014084507044,1.0,1,0.00273224043715847,1.0,0.27,0.23,11,5,1,362,0.0027624309392265192,0.0,0,0.0
342023,2,0.005194805194805195,1,0.005917159763313609,0,0.0,0.0,2,0.005633802816901409,1.0,2,0.00546448087431694,1.0,0.27,0.73,11,8,2,362,0.0055248618784530384,0.0,0,0.0
342023,2,0.005194805194805195,1,0.005917159763313609,0,0.0,0.0,2,0.005633802816901409,1.0,2,0.00546448087431694,1.0,0.27,0.73,11,8,2,362,0.0055248618784530384,0.0,0,0.0
287829,1,0.0025974025974025974,1,0.005917159763313609,1,0.0043859649122807015,1.0,1,0.0028169014084507044,1.0,1,0.00273224043715847,1.0,0.27,0.73,11,11,1,362,0.0027624309392265192,0.0,0,0.0
255960,1,0.0025974025974025974,1,0.005917159763313609,1,0.0043859649122807015,1.0,1,0.0028169014084507044,1.0,1,0.00273224043715847,1.0,0.27,0.73,11,11,1,362,0.0027624309392265192,0.0,0,0.0
380420,1,0.0025974025974025974,1,0.005917159763313609,0,0.0,0.0,1,0.0028169014084507044,1.0,1,0.00273224043715847,1.0,0.27,0.73,11,5,1,362,0.0027624309392265192,0.0,0,0.0
176150,2,0.005194805194805195,1,0.005917159763313609,2,0.008771929824561403,1.0,2,0.005633802816901409,1.0,2,0.00546448087431694,1.0,0.73,0.73,11,11,2,362,0.0055248618784530384,0.0,0,0.0
176150,2,0.005194805194805195,1,0.005917159763313609,2,0.008771929824561403,1.0,2,0.005633802816901409,1.0,2,0.00546448087431694,1.0,0.73,0.73,11,11,2,362,0.0055248618784530384,0.0,0,0.0
407671,6,0.015584415584415584,2,0.005917159763313609,3,0.013157894736842105,0.5,6,0.016901408450704224,1.0,6,0.01639344262295082,1.0,0.27,0.0,11,11,6,362,0.016574585635359115,0.8333333333333334,1,0.16666666666666666
407671,6,0.015584415584415584,2,0.005917159763313609,3,0.013157894736842105,0.5,6,0.016901408450704224,1.0,6,0.01639344262295082,1.0,0.27,0.0,11,11,6,362,0.016574585635359115,0.8333333333333334,1,0.16666666666666666
407671,6,0.015584415584415584,2,0.005917159763313609,3,0.013157894736842105,0.5,6,0.016901408450704224,1.0,6,0.01639344262295082,1.0,0.27,0.0,11,11,6,362,0.016574585635359115,0.8333333333333334,1,0.16666666666666666
407671,6,0.015584415584415584,2,0.005917159763313609,3,0.013157894736842105,0.5,6,0.016901408450704224,1.0,6,0.01639344262295082,1.0,0.27,0.0,11,9,6,362,0.016574585635359115,0.8333333333333334,1,0.16666666666666666
407671,6,0.015584415584415584,2,0.005917159763313609,3,0.013157894736842105,0.5,6,0.016901408450704224,1.0,6,0.01639344262295082,1.0,0.27,0.0,11,9,6,362,0.016574585635359115,0.8333333333333334,1,0.16666666666666666
407671,6,0.015584415584415584,2,0.005917159763313609,3,0.013157894736842105,0.5,6,0.016901408450704224,1.0,6,0.01639344262295082,1.0,0.27,0.0,11,9,6,362,0.016574585635359115,0.8333333333333334,1,0.16666666666666666
388332,1,0.0025974025974025974,1,0.005917159763313609,0,0.0,0.0,0,0.0,0.0,0,0.0,0.0,0.27,0.05,5,20,1,8,0.125,0.0,0,0.0
244552,2,0.005194805194805195,1,0.005917159763313609,2,0.008771929824561403,1.0,2,0.005633802816901409,1.0,2,0.00546448087431694,1.0,0.73,0.0,11,11,2,362,0.0055248618784530384,1.0,1,0.5
244552,2,0.005194805194805195,1,0.005917159763313609,2,0.008771929824561403,1.0,2,0.005633802816901409,1.0,2,0.00546448087431694,1.0,0.73,0.0,11,11,2,362,0.0055248618784530384,1.0,1,0.5
46507,3,0.007792207792207792,1,0.005917159763313609,3,0.013157894736842105,1.0,3,0.008450704225352112,1.0,3,0.00819672131147541,1.0,0.27,0.73,11,11,3,362,0.008287292817679558,0.6666666666666666,1,0.3333333333333333
46507,3,0.007792207792207792,1,0.005917159763313609,3,0.013157894736842105,1.0,3,0.008450704225352112,1.0,3,0.00819672131147541,1.0,0.27,0.73,11,11,3,362,0.008287292817679558,0.6666666666666666,1,0.3333333333333333
46507,3,0.007792207792207792,1,0.005917159763313609,3,0.013157894736842105,1.0,3,0.008450704225352112,1.0,3,0.00819672131147541,1.0,0.27,0.73,11,11,3,362,0.008287292817679558,0.6666666666666666,1,0.3333333333333333
191162,2,0.005194805194805195,1,0.005917159763313609,2,0.008771929824561403,1.0,2,0.005633802816901409,1.0,2,0.00546448087431694,1.0,0.27,0.0,11,11,2,362,0.0055248618784530384,1.0,1,0.5
191162,2,0.005194805194805195,1,0.005917159763313609,2,0.008771929824561403,1.0,2,0.005633802816901409,1.0,2,0.00546448087431694,1.0,0.27,0.0,11,11,2,362,0.0055248618784530384,1.0,1,0.5
174308,4,0.01038961038961039,1,0.005917159763313609,4,0.017543859649122806,1.0,4,0.011267605633802818,1.0,4,0.01092896174863388,1.0,0.73,0.0,11,11,4,362,0.011049723756906077,0.5,1,0.25
174308,4,0.01038961038961039,1,0.005917159763313609,4,0.017543859649122806,1.0,4,0.011267605633802818,1.0,4,0.01092896174863388,1.0,0.73,0.0,11,11,4,362,0.011049723756906077,0.5,1,0.25
174308,4,0.01038961038961039,1,0.005917159763313609,4,0.017543859649122806,1.0,4,0.011267605633802818,1.0,4,0.01092896174863388,1.0,0.73,0.0,11,11,4,362,0.011049723756906077,0.5,1,0.25
174308,4,0.01038961038961039,1,0.005917159763313609,4,0.017543859649122806,1.0,4,0.011267605633802818,1.0,4,0.01092896174863388,1.0,0.73,0.0,11,11,4,362,0.011049723756906077,0.5,1,0.25
134532,1,0.0025974025974025974,1,0.005917159763313609,1,0.0043859649122807015,1.0,1,0.0028169014084507044,1.0,1,0.00273224043715847,1.0,0.73,0.0,11,11,1,362,0.0027624309392265192,0.0,0,0.0
355159,1,0.0025974025974025974,1,0.005917159763313609,1,0.0043859649122807015,1.0,1,0.0028169014084507044,1.0,1,0.00273224043715847,1.0,0.27,0.0,11,11,1,362,0.0027624309392265192,0.0,0,0.0
62942,1,0.0025974025974025974,1,0.005917159763313609,0,0.0,0.0,0,0.0,0.0,1,0.00273224043715847,1.0,0.27,0.0,11,3,1,362,0.0027624309392265192,0.0,0,0.0
353962,6,0.015584415584415584,1,0.005917159763313609,6,0.02631578947368421,1.0,6,0.016901408450704224,1.0,6,0.01639344262295082,1.0,0.27,0.0,11,11,6,362,0.016574585635359115,0.3333333333333333,1,0.16666666666666666
353962,6,0.015584415584415584,1,0.005917159763313609,6,0.02631578947368421,1.0,6,0.016901408450704224,1.0,6,0.01639344262295082,1.0,0.27,0.0,11,11,6,362,0.016574585635359115,0.3333333333333333,1,0.16666666666666666
353962,6,0.015584415584415584,1,0.005917159763313609,6,0.02631578947368421,1.0,6,0.016901408450704224,1.0,6,0.01639344262295082,1.0,0.27,0.0,11,11,6,362,0.016574585635359115,0.3333333333333333,1,0.16666666666666666
353962,6,0.015584415584415584,1,0.005917159763313609,6,0.02631578947368421,1.0,6,0.016901408450704224,1.0,6,0.01639344262295082,1.0,0.27,0.0,11,11,6,362,0.016574585635359115,0.3333333333333333,1,0.16666666666666666
353962,6,0.015584415584415584,1,0.005917159763313609,6,0.02631578947368421,1.0,6,0.016901408450704224,1.0,6,0.01639344262295082,1.0,0.27,0.0,11,11,6,362,0.016574585635359115,0.3333333333333333,1,0.16666666666666666
353962,6,0.015584415584415584,1,0.005917159763313609,6,0.02631578947368421,1.0,6,0.016901408450704224,1.0,6,0.01639344262295082,1.0,0.27,0.0,11,11,6,362,0.016574585635359115,0.3333333333333333,1,0.16666666666666666
319670,3,0.007792207792207792,1,0.005917159763313609,3,0.013157894736842105,1.0,3,0.008450704225352112,1.0,3,0.00819672131147541,1.0,0.73,0.0,11,11,3,362,0.008287292817679558,0.6666666666666666,1,0.3333333333333333
319670,3,0.007792207792207792,1,0.005917159763313609,3,0.013157894736842105,1.0,3,0.008450704225352112,1.0,3,0.00819672131147541,1.0,0.73,0.0,11,11,3,362,0.008287292817679558,0.6666666666666666,1,0.3333333333333333
319670,3,0.007792207792207792,1,0.005917159763313609,3,0.013157894736842105,1.0,3,0.008450704225352112,1.0,3,0.00819672131147541,1.0,0.73,0.0,11,11,3,362,0.008287292817679558,0.6666666666666666,1,0.3333333333333333
210578,3,0.007792207792207792,1,0.005917159763313609,3,0.013157894736842105,1.0,3,0.008450704225352112,1.0,3,0.00819672131147541,1.0,0.73,0.73,11,11,3,362,0.008287292817679558,0.0,0,0.0
210578,3,0.007792207792207792,1,0.005917159763313609,3,0.013157894736842105,1.0,3,0.008450704225352112,1.0,3,0.00819672131147541,1.0,0.73,0.73,11,11,3,362,0.008287292817679558,0.0,0,0.0
210578,3,0.007792207792207792,1,0.005917159763313609,3,0.013157894736842105,1.0,3,0.008450704225352112,1.0,3,0.00819672131147541,1.0,0.73,0.73,11,11,3,362,0.008287292817679558,0.0,0,0.0
101110,4,0.01038961038961039,1,0.005917159763313609,4,0.017543859649122806,1.0,4,0.011267605633802818,1.0,4,0.01092896174863388,1.0,0.27,0.23,11,11,4,362,0.011049723756906077,0.5,1,0.25
101110,4,0.01038961038961039,1,0.005917159763313609,4,0.017543859649122806,1.0,4,0.011267605633802818,1.0,4,0.01092896174863388,1.0,0.27,0.23,11,11,4,362,0.011049723756906077,0.5,1,0.25
101110,4,0.01038961038961039,1,0.005917159763313609,4,0.017543859649122806,1.0,4,0.011267605633802818,1.0,4,0.01092896174863388,1.0,0.27,0.23,11,11,4,362,0.011049723756906077,0.5,1,0.25
101110,4,0.01038961038961039,1,0.005917159763313609,4,0.017543859649122806,1.0,4,0.011267605633802818,1.0,4,0.01092896174863388,1.0,0.27,0.23,11,11,4,362,0.011049723756906077,0.5,1,0.25
149798,1,0.0025974025974025974,1,0.005917159763313609,0,0.0,0.0,1,0.0028169014084507044,1.0,1,0.00273224043715847,1.0,0.27,0.0,11,8,1,362,0.0027624309392265192,0.0,0,0.0
6018,2,0.005194805194805195,1,0.005917159763313609,2,0.008771929824561403,1.0,2,0.005633802816901409,1.0,2,0.00546448087431694,1.0,0.27,0.0,11,11,2,362,0.0055248618784530384,0.0,0,0.0
6018,2,0.005194805194805195,1,0.005917159763313609,2,0.008771929824561403,1.0,2,0.005633802816901409,1.0,2,0.00546448087431694,1.0,0.27,0.0,11,11,2,362,0.0055248618784530384,0.0,0,0.0
281262,1,0.0025974025974025974,1,0.005917159763313609,0,0.0,0.0,1,0.0028169014084507044,1.0,1,0.00273224043715847,1.0,0.73,0.23,11,9,1,362,0.0027624309392265192,0.0,0,0.0
314519,1,0.0025974025974025974,1,0.005917159763313609,1,0.0043859649122807015,1.0,1,0.0028169014084507044,1.0,1,0.00273224043715847,1.0,0.73,0.0,11,11,1,362,0.0027624309392265192,2.0,1,1.0
205257,1,0.0025974025974025974,1,0.005917159763313609,1,0.0043859649122807015,1.0,1,0.0028169014084507044,1.0,1,0.00273224043715847,1.0,0.27,0.0,11,11,1,362,0.0027624309392265192,0.0,0,0.0
117839,1,0.0025974025974025974,1,0.005917159763313609,1,0.0043859649122807015,1.0,1,0.0028169014084507044,1.0,1,0.00273224043715847,1.0,0.27,0.23,11,11,1,362,0.0027624309392265192,0.0,0,0.0
46699,13,0.033766233766233764,4,0.005917159763313609,1,0.0043859649122807015,0.07692307692307693,13,0.036619718309859155,1.0,13,0.03551912568306011,1.0,0.73,0.23,11,11,13,362,0.03591160220994475,0.6153846153846154,1,0.07692307692307693
46699,13,0.033766233766233764,4,0.005917159763313609,1,0.0043859649122807015,0.07692307692307693,13,0.036619718309859155,1.0,13,0.03551912568306011,1.0,0.73,0.23,11,10,13,362,0.03591160220994475,0.6153846153846154,1,0.07692307692307693
46699,13,0.033766233766233764,4,0.005917159763313609,1,0.0043859649122807015,0.07692307692307693,13,0.036619718309859155,1.0,13,0.03551912568306011,1.0,0.73,0.23,11,9,13,362,0.03591160220994475,0.6153846153846154,1,0.07692307692307693
46699,13,0.033766233766233764,4,0.005917159763313609,1,0.0043859649122807015,0.07692307692307693,13,0.036619718309859155,1.0,13,0.03551912568306011,1.0,0.73,0.23,11,10,13,362,0.03591160220994475,0.6153846153846154,1,0.07692307692307693
46699,13,0.033766233766233764,4,0.005917159763313609,1,0.0043859649122807015,0.07692307692307693,13,0.036619718309859155,1.0,13,0.03551912568306011,1.0,0.73,0.23,11,9,13,362,0.03591160220994475,0.6153846153846154,1,0.07692307692307693
46699,13,0.033766233766233764,4,0.005917159763313609,1,0.0043859649122807015,0.07692307692307693,13,0.036619718309859155,1.0,13,0.03551912568306011,1.0,0.73,0.23,11,10,13,362,0.03591160220994475,0.6153846153846154,1,0.07692307692307693
46699,13,0.033766233766233764,4,0.005917159763313609,1,0.0043859649122807015,0.07692307692307693,13,0.036619718309859155,1.0,13,0.03551912568306011,1.0,0.73,0.23,11,10,13,362,0.03591160220994475,0.6153846153846154,1,0.07692307692307693
46699,13,0.033766233766233764,4,0.005917159763313609,1,0.0043859649122807015,0.07692307692307693,13,0.036619718309859155,1.0,13,0.03551912568306011,1.0,0.73,0.23,11,10,13,362,0.03591160220994475,0.6153846153846154,1,0.07692307692307693
46699,13,0.033766233766233764,4,0.005917159763313609,1,0.0043859649122807015,0.07692307692307693,13,0.036619718309859155,1.0,13,0.03551912568306011,1.0,0.73,0.23,11,10,13,362,0.03591160220994475,0.6153846153846154,1,0.07692307692307693
46699,13,0.033766233766233764,4,0.005917159763313609,1,0.0043859649122807015,0.07692307692307693,13,0.036619718309859155,1.0,13,0.03551912568306011,1.0,0.73,0.23,11,6,13,362,0.03591160220994475,0.6153846153846154,1,0.07692307692307693
46699,13,0.033766233766233764,4,0.005917159763313609,1,0.0043859649122807015,0.07692307692307693,13,0.036619718309859155,1.0,13,0.03551912568306011,1.0,0.73,0.23,11,6,13,362,0.03591160220994475,0.6153846153846154,1,0.07692307692307693
46699,13,0.033766233766233764,4,0.005917159763313609,1,0.0043859649122807015,0.07692307692307693,13,0.036619718309859155,1.0,13,0.03551912568306011,1.0,0.73,0.23,11,10,13,362,0.03591160220994475,0.6153846153846154,1,0.07692307692307693
46699,13,0.033766233766233764,4,0.005917159763313609,1,0.0043859649122807015,0.07692307692307693,13,0.036619718309859155,1.0,13,0.03551912568306011,1.0,0.73,0.23,11,10,13,362,0.03591160220994475,0.6153846153846154,1,0.07692307692307693
238412,4,0.01038961038961039,1,0.005917159763313609,4,0.017543859649122806,1.0,4,0.011267605633802818,1.0,4,0.01092896174863388,1.0,0.27,0.23,11,11,4,362,0.011049723756906077,0.0,0,0.0
238412,4,0.01038961038961039,1,0.005917159763313609,4,0.017543859649122806,1.0,4,0.011267605633802818,1.0,4,0.01092896174863388,1.0,0.27,0.23,11,11,4,362,0.011049723756906077,0.0,0,0.0
238412,4,0.01038961038961039,1,0.005917159763313609,4,0.017543859649122806,1.0,4,0.011267605633802818,1.0,4,0.01092896174863388,1.0,0.27,0.23,11,11,4,362,0.011049723756906077,0.0,0,0.0
238412,4,0.01038961038961039,1,0.005917159763313609,4,0.017543859649122806,1.0,4,0.011267605633802818,1.0,4,0.01092896174863388,1.0,0.27,0.23,11,11,4,362,0.011049723756906077,0.0,0,0.0
156961,1,0.0025974025974025974,1,0.005917159763313609,1,0.0043859649122807015,1.0,1,0.0028169014084507044,1.0,1,0.00273224043715847,1.0,0.27,0.23,11,11,1,362,0.0027624309392265192,0.0,0,0.0
45576,6,0.015584415584415584,1,0.005917159763313609,6,0.02631578947368421,1.0,6,0.016901408450704224,1.0,6,0.01639344262295082,1.0,0.27,0.05,11,11,6,362,0.016574585635359115,0.0,0,0.0
45576,6,0.015584415584415584,1,0.005917159763313609,6,0.02631578947368421,1.0,6,0.016901408450704224,1.0,6,0.01639344262295082,1.0,0.27,0.05,11,11,6,362,0.016574585635359115,0.0,0,0.0
45576,6,0.015584415584415584,1,0.005917159763313609,6,0.02631578947368421,1.0,6,0.016901408450704224,1.0,6,0.01639344262295082,1.0,0.27,0.05,11,11,6,362,0.016574585635359115,0.0,0,0.0
45576,6,0.015584415584415584,1,0.005917159763313609,6,0.02631578947368421,1.0,6,0.016901408450704224,1.0,6,0.01639344262295082,1.0,0.27,0.05,11,11,6,362,0.016574585635359115,0.0,0,0.0
45576,6,0.015584415584415584,1,0.005917159763313609,6,0.02631578947368421,1.0,6,0.016901408450704224,1.0,6,0.01639344262295082,1.0,0.27,0.05,11,11,6,362,0.016574585635359115,0.0,0,0.0
45576,6,0.015584415584415584,1,0.005917159763313609,6,0.02631578947368421,1.0,6,0.016901408450704224,1.0,6,0.01639344262295082,1.0,0.27,0.05,11,11,6,362,0.016574585635359115,0.0,0,0.0
214766,2,0.005194805194805195,1,0.005917159763313609,0,0.0,0.0,2,0.005633802816901409,1.0,2,0.00546448087431694,1.0,0.27,0.0,11,10,2,362,0.0055248618784530384,0.0,0,0.0
214766,2,0.005194805194805195,1,0.005917159763313609,0,0.0,0.0,2,0.005633802816901409,1.0,2,0.00546448087431694,1.0,0.27,0.0,11,10,2,362,0.0055248618784530384,0.0,0,0.0
5524,1,0.0025974025974025974,1,0.005917159763313609,1,0.0043859649122807015,1.0,1,0.0028169014084507044,1.0,1,0.00273224043715847,1.0,0.27,0.73,11,11,1,362,0.0027624309392265192,0.0,0,0.0
218669,1,0.0025974025974025974,1,0.005917159763313609,1,0.0043859649122807015,1.0,1,0.0028169014084507044,1.0,1,0.00273224043715847,1.0,0.0,0.0,11,11,1,362,0.0027624309392265192,0.0,0,0.0
272518,1,0.0025974025974025974,1,0.005917159763313609,1,0.0043859649122807015,1.0,1,0.0028169014084507044,1.0,1,0.00273224043715847,1.0,0.27,0.73,11,11,1,362,0.0027624309392265192,0.0,0,0.0
277770,1,0.0025974025974025974,1,0.005917159763313609,1,0.0043859649122807015,1.0,1,0.0028169014084507044,1.0,1,0.00273224043715847,1.0,0.27,0.0,11,11,1,362,0.0027624309392265192,0.0,0,0.0
386295,1,0.0025974025974025974,1,0.005917159763313609,1,0.0043859649122807015,1.0,1,0.0028169014084507044,1.0,1,0.00273224043715847,1.0,0.27,0.0,11,11,1,362,0.0027624309392265192,0.0,0,0.0
402251,4,0.01038961038961039,2,0.005917159763313609,0,0.0,0.0,2,0.005633802816901409,0.5,4,0.01092896174863388,1.0,0.73,0.0,11,3,4,362,0.011049723756906077,0.0,0,0.0
402251,4,0.01038961038961039,2,0.005917159763313609,0,0.0,0.0,2,0.005633802816901409,0.5,4,0.01092896174863388,1.0,0.73,0.0,11,3,4,362,0.011049723756906077,0.0,0,0.0
402251,4,0.01038961038961039,2,0.005917159763313609,0,0.0,0.0,2,0.005633802816901409,0.5,4,0.01092896174863388,1.0,0.73,0.0,11,9,4,362,0.011049723756906077,0.0,0,0.0
402251,4,0.01038961038961039,2,0.005917159763313609,0,0.0,0.0,2,0.005633802816901409,0.5,4,0.01092896174863388,1.0,0.73,0.0,11,9,4,362,0.011049723756906077,0.0,0,0.0
254609,4,0.01038961038961039,2,0.005917159763313609,2,0.008771929824561403,0.5,4,0.011267605633802818,1.0,4,0.01092896174863388,1.0,0.27,0.73,11,10,4,362,0.011049723756906077,0.0,0,0.0
254609,4,0.01038961038961039,2,0.005917159763313609,2,0.008771929824561403,0.5,4,0.011267605633802818,1.0,4,0.01092896174863388,1.0,0.27,0.73,11,10,4,362,0.011049723756906077,0.0,0,0.0
254609,4,0.01038961038961039,2,0.005917159763313609,2,0.008771929824561403,0.5,4,0.011267605633802818,1.0,4,0.01092896174863388,1.0,0.27,0.73,11,11,4,362,0.011049723756906077,0.0,0,0.0
254609,4,0.01038961038961039,2,0.005917159763313609,2,0.008771929824561403,0.5,4,0.011267605633802818,1.0,4,0.01092896174863388,1.0,0.27,0.73,11,11,4,362,0.011049723756906077,0.0,0,0.0
84043,1,0.0025974025974025974,1,0.005917159763313609,1,0.0043859649122807015,1.0,1,0.0028169014084507044,1.0,1,0.00273224043715847,1.0,0.27,0.0,11,11,1,362,0.0027624309392265192,0.0,0,0.0
120820,1,0.0025974025974025974,1,0.005917159763313609,1,0.0043859649122807015,1.0,1,0.0028169014084507044,1.0,1,0.00273224043715847,1.0,0.73,0.73,11,11,1,362,0.0027624309392265192,0.0,0,0.0
291453,1,0.0025974025974025974,1,0.005917159763313609,1,0.0043859649122807015,1.0,1,0.0028169014084507044,1.0,1,0.00273224043715847,1.0,0.27,0.23,11,11,1,362,0.0027624309392265192,0.0,0,0.0
280293,1,0.0025974025974025974,1,0.005917159763313609,1,0.0043859649122807015,1.0,1,0.0028169014084507044,1.0,1,0.00273224043715847,1.0,0.73,0.0,11,11,1,362,0.0027624309392265192,0.0,0,0.0
291386,1,0.0025974025974025974,1,0.005917159763313609,0,0.0,0.0,1,0.0028169014084507044,1.0,1,0.00273224043715847,1.0,0.27,0.05,11,10,1,362,0.0027624309392265192,0.0,0,0.0
313634,4,0.01038961038961039,1,0.005917159763313609,4,0.017543859649122806,1.0,4,0.011267605633802818,1.0,4,0.01092896174863388,1.0,0.27,0.05,11,11,4,362,0.011049723756906077,0.5,1,0.25
313634,4,0.01038961038961039,1,0.005917159763313609,4,0.017543859649122806,1.0,4,0.011267605633802818,1.0,4,0.01092896174863388,1.0,0.27,0.05,11,11,4,362,0.011049723756906077,0.5,1,0.25
313634,4,0.01038961038961039,1,0.005917159763313609,4,0.017543859649122806,1.0,4,0.011267605633802818,1.0,4,0.01092896174863388,1.0,0.27,0.05,11,11,4,362,0.011049723756906077,0.5,1,0.25
313634,4,0.01038961038961039,1,0.005917159763313609,4,0.017543859649122806,1.0,4,0.011267605633802818,1.0,4,0.01092896174863388,1.0,0.27,0.05,11,11,4,362,0.011049723756906077,0.5,1,0.25
60260,1,0.0025974025974025974,1,0.005917159763313609,1,0.0043859649122807015,1.0,1,0.0028169014084507044,1.0,1,0.00273224043715847,1.0,0.27,0.05,11,11,1,362,0.0027624309392265192,0.0,0,0.0
112997,2,0.005194805194805195,1,0.005917159763313609,0,0.0,0.0,2,0.005633802816901409,1.0,2,0.00546448087431694,1.0,0.27,0.23,11,10,2,362,0.0055248618784530384,0.0,0,0.0
112997,2,0.005194805194805195,1,0.005917159763313609,0,0.0,0.0,2,0.005633802816901409,1.0,2,0.00546448087431694,1.0,0.27,0.23,11,10,2,362,0.0055248618784530384,0.0,0,0.0
305925,2,0.005194805194805195,1,0.005917159763313609,2,0.008771929824561403,1.0,2,0.005633802816901409,1.0,2,0.00546448087431694,1.0,0.27,0.23,11,11,2,362,0.0055248618784530384,1.5,0,0.0
305925,2,0.005194805194805195,1,0.005917159763313609,2,0.008771929824561403,1.0,2,0.005633802816901409,1.0,2,0.00546448087431694,1.0,0.27,0.23,11,11,2,362,0.0055248618784530384,1.5,0,0.0
199429,1,0.0025974025974025974,1,0.005917159763313609,0,0.0,0.0,1,0.0028169014084507044,1.0,1,0.00273224043715847,1.0,0.27,0.0,11,10,1,362,0.0027624309392265192,0.0,0,0.0
185381,1,0.0025974025974025974,1,0.005917159763313609,1,0.0043859649122807015,1.0,1,0.0028169014084507044,1.0,1,0.00273224043715847,1.0,0.73,0.73,11,11,1,362,0.0027624309392265192,0.0,0,0.0
144281,2,0.005194805194805195,1,0.005917159763313609,2,0.008771929824561403,1.0,2,0.005633802816901409,1.0,2,0.00546448087431694,1.0,0.73,0.73,11,11,2,362,0.0055248618784530384,0.0,0,0.0
144281,2,0.005194805194805195,1,0.005917159763313609,2,0.008771929824561403,1.0,2,0.005633802816901409,1.0,2,0.00546448087431694,1.0,0.73,0.73,11,11,2,362,0.0055248618784530384,0.0,0,0.0
33618,1,0.0025974025974025974,1,0.005917159763313609,1,0.0043859649122807015,1.0,1,0.0028169014084507044,1.0,1,0.00273224043715847,1.0,0.27,0.73,11,11,1,362,0.0027624309392265192,0.0,0,0.0
276857,3,0.007792207792207792,1,0.005917159763313609,3,0.013157894736842105,1.0,3,0.008450704225352112,1.0,3,0.00819672131147541,1.0,0.73,0.23,11,11,3,362,0.008287292817679558,0.6666666666666666,1,0.3333333333333333
276857,3,0.007792207792207792,1,0.005917159763313609,3,0.013157894736842105,1.0,3,0.008450704225352112,1.0,3,0.00819672131147541,1.0,0.73,0.23,11,11,3,362,0.008287292817679558,0.6666666666666666,1,0.3333333333333333
276857,3,0.007792207792207792,1,0.005917159763313609,3,0.013157894736842105,1.0,3,0.008450704225352112,1.0,3,0.00819672131147541,1.0,0.73,0.23,11,11,3,362,0.008287292817679558,0.6666666666666666,1,0.3333333333333333
130186,4,0.01038961038961039,2,0.005917159763313609,1,0.0043859649122807015,0.25,4,0.011267605633802818,1.0,4,0.01092896174863388,1.0,0.27,0.0,11,11,4,362,0.011049723756906077,0.75,0,0.0
130186,4,0.01038961038961039,2,0.005917159763313609,1,0.0043859649122807015,0.25,4,0.011267605633802818,1.0,4,0.01092896174863388,1.0,0.27,0.0,11,10,4,362,0.011049723756906077,0.75,0,0.0
130186,4,0.01038961038961039,2,0.005917159763313609,1,0.0043859649122807015,0.25,4,0.011267605633802818,1.0,4,0.01092896174863388,1.0,0.27,0.0,11,10,4,362,0.011049723756906077,0.75,0,0.0
130186,4,0.01038961038961039,2,0.005917159763313609,1,0.0043859649122807015,0.25,4,0.011267605633802818,1.0,4,0.01092896174863388,1.0,0.27,0.0,11,10,4,362,0.011049723756906077,0.75,0,0.0
376338,4,0.01038961038961039,1,0.005917159763313609,4,0.017543859649122806,1.0,4,0.011267605633802818,1.0,4,0.01092896174863388,1.0,0.73,0.0,11,11,4,362,0.011049723756906077,0.5,1,0.25
376338,4,0.01038961038961039,1,0.005917159763313609,4,0.017543859649122806,1.0,4,0.011267605633802818,1.0,4,0.01092896174863388,1.0,0.73,0.0,11,11,4,362,0.011049723756906077,0.5,1,0.25
376338,4,0.01038961038961039,1,0.005917159763313609,4,0.017543859649122806,1.0,4,0.011267605633802818,1.0,4,0.01092896174863388,1.0,0.73,0.0,11,11,4,362,0.011049723756906077,0.5,1,0.25
376338,4,0.01038961038961039,1,0.005917159763313609,4,0.017543859649122806,1.0,4,0.011267605633802818,1.0,4,0.01092896174863388,1.0,0.73,0.0,11,11,4,362,0.011049723756906077,0.5,1,0.25
867,1,0.0025974025974025974,1,0.005917159763313609,1,0.0043859649122807015,1.0,1,0.0028169014084507044,1.0,1,0.00273224043715847,1.0,0.27,0.73,11,11,1,362,0.0027624309392265192,0.0,0,0.0
338395,2,0.005194805194805195,2,0.005917159763313609,1,0.0043859649122807015,0.5,2,0.005633802816901409,1.0,2,0.00546448087431694,1.0,0.27,0.73,11,11,2,362,0.0055248618784530384,1.0,1,0.5
338395,2,0.005194805194805195,2,0.005917159763313609,1,0.0043859649122807015,0.5,2,0.005633802816901409,1.0,2,0.00546448087431694,1.0,0.27,0.73,11,8,2,362,0.0055248618784530384,1.0,1,0.5
335587,6,0.015584415584415584,1,0.005917159763313609,6,0.02631578947368421,1.0,6,0.016901408450704224,1.0,6,0.01639344262295082,1.0,0.73,0.73,11,11,6,362,0.016574585635359115,0.3333333333333333,1,0.16666666666666666
335587,6,0.015584415584415584,1,0.005917159763313609,6,0.02631578947368421,1.0,6,0.016901408450704224,1.0,6,0.01639344262295082,1.0,0.73,0.73,11,11,6,362,0.016574585635359115,0.3333333333333333,1,0.16666666666666666
335587,6,0.015584415584415584,1,0.005917159763313609,6,0.02631578947368421,1.0,6,0.016901408450704224,1.0,6,0.01639344262295082,1.0,0.73,0.73,11,11,6,362,0.016574585635359115,0.3333333333333333,1,0.16666666666666666
335587,6,0.015584415584415584,1,0.005917159763313609,6,0.02631578947368421,1.0,6,0.016901408450704224,1.0,6,0.01639344262295082,1.0,0.73,0.73,11,11,6,362,0.016574585635359115,0.3333333333333333,1,0.16666666666666666
335587,6,0.015584415584415584,1,0.005917159763313609,6,0.02631578947368421,1.0,6,0.016901408450704224,1.0,6,0.01639344262295082,1.0,0.73,0.73,11,11,6,362,0.016574585635359115,0.3333333333333333,1,0.16666666666666666
335587,6,0.015584415584415584,1,0.005917159763313609,6,0.02631578947368421,1.0,6,0.016901408450704224,1.0,6,0.01639344262295082,1.0,0.73,0.73,11,11,6,362,0.016574585635359115,0.3333333333333333,1,0.16666666666666666
409283,1,0.0025974025974025974,1,0.005917159763313609,1,0.0043859649122807015,1.0,1,0.0028169014084507044,1.0,1,0.00273224043715847,1.0,0.27,0.0,11,11,1,362,0.0027624309392265192,0.0,0,0.0
88275,1,0.0025974025974025974,1,0.005917159763313609,0,0.0,0.0,0,0.0,0.0,0,0.0,0.0,0.27,0.23,5,28,1,8,0.125,0.0,0,0.0
165355,5,0.012987012987012988,3,0.005917159763313609,2,0.008771929824561403,0.4,5,0.014084507042253521,1.0,5,0.01366120218579235,1.0,0.73,0.73,11,11,5,362,0.013812154696132596,0.0,0,0.0
165355,5,0.012987012987012988,3,0.005917159763313609,2,0.008771929824561403,0.4,5,0.014084507042253521,1.0,5,0.01366120218579235,1.0,0.73,0.73,11,11,5,362,0.013812154696132596,0.0,0,0.0
165355,5,0.012987012987012988,3,0.005917159763313609,2,0.008771929824561403,0.4,5,0.014084507042253521,1.0,5,0.01366120218579235,1.0,0.73,0.73,11,8,5,362,0.013812154696132596,0.0,0,0.0
165355,5,0.012987012987012988,3,0.005917159763313609,2,0.008771929824561403,0.4,5,0.014084507042253521,1.0,5,0.01366120218579235,1.0,0.73,0.73,11,8,5,362,0.013812154696132596,0.0,0,0.0
165355,5,0.012987012987012988,3,0.005917159763313609,2,0.008771929824561403,0.4,5,0.014084507042253521,1.0,5,0.01366120218579235,1.0,0.73,0.73,11,9,5,362,0.013812154696132596,0.0,0,0.0
55784,1,0.0025974025974025974,1,0.005917159763313609,1,0.0043859649122807015,1.0,1,0.0028169014084507044,1.0,1,0.00273224043715847,1.0,0.27,0.23,11,11,1,362,0.0027624309392265192,0.0,0,0.0
327782,8,0.02077922077922078,4,0.005917159763313609,1,0.0043859649122807015,0.125,8,0.022535211267605635,1.0,8,0.02185792349726776,1.0,0.73,0.73,11,5,8,362,0.022099447513812154,0.25,1,0.125
327782,8,0.02077922077922078,4,0.005917159763313609,1,0.0043859649122807015,0.125,8,0.022535211267605635,1.0,8,0.02185792349726776,1.0,0.73,0.73,11,5,8,362,0.022099447513812154,0.25,1,0.125
327782,8,0.02077922077922078,4,0.005917159763313609,1,0.0043859649122807015,0.125,8,0.022535211267605635,1.0,8,0.02185792349726776,1.0,0.73,0.73,11,10,8,362,0.022099447513812154,0.25,1,0.125
327782,8,0.02077922077922078,4,0.005917159763313609,1,0.0043859649122807015,0.125,8,0.022535211267605635,1.0,8,0.02185792349726776,1.0,0.73,0.73,11,10,8,362,0.022099447513812154,0.25,1,0.125
327782,8,0.02077922077922078,4,0.005917159763313609,1,0.0043859649122807015,0.125,8,0.022535211267605635,1.0,8,0.02185792349726776,1.0,0.73,0.73,11,10,8,362,0.022099447513812154,0.25,1,0.125
327782,8,0.02077922077922078,4,0.005917159763313609,1,0.0043859649122807015,0.125,8,0.022535211267605635,1.0,8,0.02185792349726776,1.0,0.73,0.73,11,10,8,362,0.022099447513812154,0.25,1,0.125
327782,8,0.02077922077922078,4,0.005917159763313609,1,0.0043859649122807015,0.125,8,0.022535211267605635,1.0,8,0.02185792349726776,1.0,0.73,0.73,11,8,8,362,0.022099447513812154,0.25,1,0.125
327782,8,0.02077922077922078,4,0.005917159763313609,1,0.0043859649122807015,0.125,8,0.022535211267605635,1.0,8,0.02185792349726776,1.0,0.73,0.73,11,11,8,362,0.022099447513812154,0.25,1,0.125
264657,6,0.015584415584415584,1,0.005917159763313609,6,0.02631578947368421,1.0,6,0.016901408450704224,1.0,6,0.01639344262295082,1.0,0.27,0.23,11,11,6,362,0.016574585635359115,0.3333333333333333,1,0.16666666666666666
264657,6,0.015584415584415584,1,0.005917159763313609,6,0.02631578947368421,1.0,6,0.016901408450704224,1.0,6,0.01639344262295082,1.0,0.27,0.23,11,11,6,362,0.016574585635359115,0.3333333333333333,1,0.16666666666666666
264657,6,0.015584415584415584,1,0.005917159763313609,6,0.02631578947368421,1.0,6,0.016901408450704224,1.0,6,0.01639344262295082,1.0,0.27,0.23,11,11,6,362,0.016574585635359115,0.3333333333333333,1,0.16666666666666666
264657,6,0.015584415584415584,1,0.005917159763313609,6,0.02631578947368421,1.0,6,0.016901408450704224,1.0,6,0.01639344262295082,1.0,0.27,0.23,11,11,6,362,0.016574585635359115,0.3333333333333333,1,0.16666666666666666
264657,6,0.015584415584415584,1,0.005917159763313609,6,0.02631578947368421,1.0,6,0.016901408450704224,1.0,6,0.01639344262295082,1.0,0.27,0.23,11,11,6,362,0.016574585635359115,0.3333333333333333,1,0.16666666666666666
264657,6,0.015584415584415584,1,0.005917159763313609,6,0.02631578947368421,1.0,6,0.016901408450704224,1.0,6,0.01639344262295082,1.0,0.27,0.23,11,11,6,362,0.016574585635359115,0.3333333333333333,1,0.16666666666666666
52751,2,0.005194805194805195,1,0.005917159763313609,2,0.008771929824561403,1.0,2,0.005633802816901409,1.0,2,0.00546448087431694,1.0,0.73,0.0,11,11,2,362,0.0055248618784530384,0.0,0,0.0
52751,2,0.005194805194805195,1,0.005917159763313609,2,0.008771929824561403,1.0,2,0.005633802816901409,1.0,2,0.00546448087431694,1.0,0.73,0.0,11,11,2,362,0.0055248618784530384,0.0,0,0.0
33745,4,0.01038961038961039,1,0.005917159763313609,4,0.017543859649122806,1.0,4,0.011267605633802818,1.0,4,0.01092896174863388,1.0,0.73,0.0,11,11,4,362,0.011049723756906077,0.0,0,0.0
33745,4,0.01038961038961039,1,0.005917159763313609,4,0.017543859649122806,1.0,4,0.011267605633802818,1.0,4,0.01092896174863388,1.0,0.73,0.0,11,11,4,362,0.011049723756906077,0.0,0,0.0
33745,4,0.01038961038961039,1,0.005917159763313609,4,0.017543859649122806,1.0,4,0.011267605633802818,1.0,4,0.01092896174863388,1.0,0.73,0.0,11,11,4,362,0.011049723756906077,0.0,0,0.0
33745,4,0.01038961038961039,1,0.005917159763313609,4,0.017543859649122806,1.0,4,0.011267605633802818,1.0,4,0.01092896174863388,1.0,0.73,0.0,11,11,4,362,0.011049723756906077,0.0,0,0.0
103980,1,0.0025974025974025974,1,0.005917159763313609,0,0.0,0.0,0,0.0,0.0,0,0.0,0.0,0.73,0.73,8,4,1,5,0.2,0.0,0,0.0
316235,10,0.025974025974025976,2,0.005917159763313609,7,0.03070175438596491,0.7,10,0.028169014084507043,1.0,10,0.0273224043715847,1.0,0.73,0.0,11,11,10,362,0.027624309392265192,0.5,1,0.1
316235,10,0.025974025974025976,2,0.005917159763313609,7,0.03070175438596491,0.7,10,0.028169014084507043,1.0,10,0.0273224043715847,1.0,0.73,0.0,11,11,10,362,0.027624309392265192,0.5,1,0.1
316235,10,0.025974025974025976,2,0.005917159763313609,7,0.03070175438596491,0.7,10,0.028169014084507043,1.0,10,0.0273224043715847,1.0,0.73,0.0,11,11,10,362,0.027624309392265192,0.5,1,0.1
316235,10,0.025974025974025976,2,0.005917159763313609,7,0.03070175438596491,0.7,10,0.028169014084507043,1.0,10,0.0273224043715847,1.0,0.73,0.0,11,11,10,362,0.027624309392265192,0.5,1,0.1
316235,10,0.025974025974025976,2,0.005917159763313609,7,0.03070175438596491,0.7,10,0.028169014084507043,1.0,10,0.0273224043715847,1.0,0.73,0.0,11,11,10,362,0.027624309392265192,0.5,1,0.1
316235,10,0.025974025974025976,2,0.005917159763313609,7,0.03070175438596491,0.7,10,0.028169014084507043,1.0,10,0.0273224043715847,1.0,0.73,0.0,11,11,10,362,0.027624309392265192,0.5,1,0.1
316235,10,0.025974025974025976,2,0.005917159763313609,7,0.03070175438596491,0.7,10,0.028169014084507043,1.0,10,0.0273224043715847,1.0,0.73,0.0,11,11,10,362,0.027624309392265192,0.5,1,0.1
316235,10,0.025974025974025976,2,0.005917159763313609,7,0.03070175438596491,0.7,10,0.028169014084507043,1.0,10,0.0273224043715847,1.0,0.73,0.0,11,10,10,362,0.027624309392265192,0.5,1,0.1
316235,10,0.025974025974025976,2,0.005917159763313609,7,0.03070175438596491,0.7,10,0.028169014084507043,1.0,10,0.0273224043715847,1.0,0.73,0.0,11,10,10,362,0.027624309392265192,0.5,1,0.1
316235,10,0.025974025974025976,2,0.005917159763313609,7,0.03070175438596491,0.7,10,0.028169014084507043,1.0,10,0.0273224043715847,1.0,0.73,0.0,11,10,10,362,0.027624309392265192,0.5,1,0.1
380439,2,0.005194805194805195,2,0.005917159763313609,1,0.0043859649122807015,0.5,2,0.005633802816901409,1.0,2,0.00546448087431694,1.0,0.27,0.0,11,10,2,362,0.0055248618784530384,0.0,0,0.0
380439,2,0.005194805194805195,2,0.005917159763313609,1,0.0043859649122807015,0.5,2,0.005633802816901409,1.0,2,0.00546448087431694,1.0,0.27,0.0,11,11,2,362,0.0055248618784530384,0.0,0,0.0
86171,1,0.0025974025974025974,1,0.005917159763313609,0,0.0,0.0,1,0.0028169014084507044,1.0,1,0.00273224043715847,1.0,0.73,0.0,11,6,1,362,0.0027624309392265192,0.0,0,0.0
408759,2,0.005194805194805195,1,0.005917159763313609,2,0.008771929824561403,1.0,2,0.005633802816901409,1.0,2,0.00546448087431694,1.0,0.73,0.0,11,11,2,362,0.0055248618784530384,0.0,0,0.0
408759,2,0.005194805194805195,1,0.005917159763313609,2,0.008771929824561403,1.0,2,0.005633802816901409,1.0,2,0.00546448087431694,1.0,0.73,0.0,11,11,2,362,0.0055248618784530384,0.0,0,0.0
38606,2,0.005194805194805195,1,0.005917159763313609,2,0.008771929824561403,1.0,2,0.005633802816901409,1.0,2,0.00546448087431694,1.0,0.27,0.0,11,11,2,362,0.0055248618784530384,1.0,1,0.5
38606,2,0.005194805194805195,1,0.005917159763313609,2,0.008771929824561403,1.0,2,0.005633802816901409,1.0,2,0.00546448087431694,1.0,0.27,0.0,11,11,2,362,0.0055248618784530384,1.0,1,0.5
108672,1,0.0025974025974025974,1,0.005917159763313609,1,0.0043859649122807015,1.0,1,0.0028169014084507044,1.0,1,0.00273224043715847,1.0,0.73,0.0,11,11,1,362,0.0027624309392265192,0.0,0,0.0
35848,1,0.0025974025974025974,1,0.005917159763313609,0,0.0,0.0,1,0.0028169014084507044,1.0,1,0.00273224043715847,1.0,0.27,0.0,11,9,1,362,0.0027624309392265192,0.0,0,0.0
275260,6,0.015584415584415584,1,0.005917159763313609,6,0.02631578947368421,1.0,6,0.016901408450704224,1.0,6,0.01639344262295082,1.0,0.27,0.23,11,11,6,362,0.016574585635359115,0.6666666666666666,2,0.3333333333333333
275260,6,0.015584415584415584,1,0.005917159763313609,6,0.02631578947368421,1.0,6,0.016901408450704224,1.0,6,0.01639344262295082,1.0,0.27,0.23,11,11,6,362,0.016574585635359115,0.6666666666666666,2,0.3333333333333333
275260,6,0.015584415584415584,1,0.005917159763313609,6,0.02631578947368421,1.0,6,0.016901408450704224,1.0,6,0.01639344262295082,1.0,0.27,0.23,11,11,6,362,0.016574585635359115,0.6666666666666666,2,0.3333333333333333
275260,6,0.015584415584415584,1,0.005917159763313609,6,0.02631578947368421,1.0,6,0.016901408450704224,1.0,6,0.01639344262295082,1.0,0.27,0.23,11,11,6,362,0.016574585635359115,0.6666666666666666,2,0.3333333333333333
275260,6,0.015584415584415584,1,0.005917159763313609,6,0.02631578947368421,1.0,6,0.016901408450704224,1.0,6,0.01639344262295082,1.0,0.27,0.23,11,11,6,362,0.016574585635359115,0.6666666666666666,2,0.3333333333333333
275260,6,0.015584415584415584,1,0.005917159763313609,6,0.02631578947368421,1.0,6,0.016901408450704224,1.0,6,0.01639344262295082,1.0,0.27,0.23,11,11,6,362,0.016574585635359115,0.6666666666666666,2,0.3333333333333333
178063,1,0.0025974025974025974,1,0.005917159763313609,0,0.0,0.0,1,0.0028169014084507044,1.0,1,0.00273224043715847,1.0,0.27,0.73,11,9,1,362,0.0027624309392265192,0.0,0,0.0
419820,1,0.0025974025974025974,1,0.005917159763313609,0,0.0,0.0,1,0.0028169014084507044,1.0,1,0.00273224043715847,1.0,0.0,0.23,11,10,1,362,0.0027624309392265192,0.0,0,0.0
53531,1,0.0025974025974025974,1,0.005917159763313609,1,0.0043859649122807015,1.0,1,0.0028169014084507044,1.0,1,0.00273224043715847,1.0,0.73,0.0,11,11,1,362,0.0027624309392265192,0.0,0,0.0
51728,6,0.015584415584415584,1,0.005917159763313609,6,0.02631578947368421,1.0,6,0.016901408450704224,1.0,6,0.01639344262295082,1.0,0.27,0.23,11,11,6,362,0.016574585635359115,0.3333333333333333,1,0.16666666666666666
51728,6,0.015584415584415584,1,0.005917159763313609,6,0.02631578947368421,1.0,6,0.016901408450704224,1.0,6,0.01639344262295082,1.0,0.27,0.23,11,11,6,362,0.016574585635359115,0.3333333333333333,1,0.16666666666666666
51728,6,0.015584415584415584,1,0.005917159763313609,6,0.02631578947368421,1.0,6,0.016901408450704224,1.0,6,0.01639344262295082,1.0,0.27,0.23,11,11,6,362,0.016574585635359115,0.3333333333333333,1,0.16666666666666666
51728,6,0.015584415584415584,1,0.005917159763313609,6,0.02631578947368421,1.0,6,0.016901408450704224,1.0,6,0.01639344262295082,1.0,0.27,0.23,11,11,6,362,0.016574585635359115,0.3333333333333333,1,0.16666666666666666
51728,6,0.015584415584415584,1,0.005917159763313609,6,0.02631578947368421,1.0,6,0.016901408450704224,1.0,6,0.01639344262295082,1.0,0.27,0.23,11,11,6,362,0.016574585635359115,0.3333333333333333,1,0.16666666666666666
51728,6,0.015584415584415584,1,0.005917159763313609,6,0.02631578947368421,1.0,6,0.016901408450704224,1.0,6,0.01639344262295082,1.0,0.27,0.23,11,11,6,362,0.016574585635359115,0.3333333333333333,1,0.16666666666666666
177770,4,0.01038961038961039,3,0.005917159763313609,1,0.0043859649122807015,0.25,4,0.011267605633802818,1.0,4,0.01092896174863388,1.0,0.73,0.73,11,10,4,362,0.011049723756906077,0.0,0,0.0
177770,4,0.01038961038961039,3,0.005917159763313609,1,0.0043859649122807015,0.25,4,0.011267605633802818,1.0,4,0.01092896174863388,1.0,0.73,0.73,11,10,4,362,0.011049723756906077,0.0,0,0.0
177770,4,0.01038961038961039,3,0.005917159763313609,1,0.0043859649122807015,0.25,4,0.011267605633802818,1.0,4,0.01092896174863388,1.0,0.73,0.73,11,11,4,362,0.011049723756906077,0.0,0,0.0
177770,4,0.01038961038961039,3,0.005917159763313609,1,0.0043859649122807015,0.25,4,0.011267605633802818,1.0,4,0.01092896174863388,1.0,0.73,0.73,11,7,4,362,0.011049723756906077,0.0,0,0.0
389062,6,0.015584415584415584,2,0.005917159763313609,3,0.013157894736842105,0.5,6,0.016901408450704224,1.0,6,0.01639344262295082,1.0,0.73,0.0,11,10,6,362,0.016574585635359115,0.8333333333333334,1,0.16666666666666666
389062,6,0.015584415584415584,2,0.005917159763313609,3,0.013157894736842105,0.5,6,0.016901408450704224,1.0,6,0.01639344262295082,1.0,0.73,0.0,11,10,6,362,0.016574585635359115,0.8333333333333334,1,0.16666666666666666
389062,6,0.015584415584415584,2,0.005917159763313609,3,0.013157894736842105,0.5,6,0.016901408450704224,1.0,6,0.01639344262295082,1.0,0.73,0.0,11,10,6,362,0.016574585635359115,0.8333333333333334,1,0.16666666666666666
389062,6,0.015584415584415584,2,0.005917159763313609,3,0.013157894736842105,0.5,6,0.016901408450704224,1.0,6,0.01639344262295082,1.0,0.73,0.0,11,11,6,362,0.016574585635359115,0.8333333333333334,1,0.16666666666666666
389062,6,0.015584415584415584,2,0.005917159763313609,3,0.013157894736842105,0.5,6,0.016901408450704224,1.0,6,0.01639344262295082,1.0,0.73,0.0,11,11,6,362,0.016574585635359115,0.8333333333333334,1,0.16666666666666666
389062,6,0.015584415584415584,2,0.005917159763313609,3,0.013157894736842105,0.5,6,0.016901408450704224,1.0,6,0.01639344262295082,1.0,0.73,0.0,11,11,6,362,0.016574585635359115,0.8333333333333334,1,0.16666666666666666
227925,1,0.0025974025974025974,1,0.005917159763313609,0,0.0,0.0,0,0.0,0.0,0,0.0,0.0,0.27,0.73,6,27,1,5,0.2,0.0,0,0.0
383379,1,0.0025974025974025974,1,0.005917159763313609,1,0.0043859649122807015,1.0,1,0.0028169014084507044,1.0,1,0.00273224043715847,1.0,0.73,0.73,11,11,1,362,0.0027624309392265192,0.0,0,0.0
87972,1,0.0025974025974025974,1,0.005917159763313609,0,0.0,0.0,1,0.0028169014084507044,1.0,1,0.00273224043715847,1.0,0.27,0.0,11,9,1,362,0.0027624309392265192,0.0,0,0.0
165262,10,0.025974025974025976,2,0.005917159763313609,2,0.008771929824561403,0.2,10,0.028169014084507043,1.0,10,0.0273224043715847,1.0,0.27,0.0,11,11,10,362,0.027624309392265192,0.3,0,0.0
165262,10,0.025974025974025976,2,0.005917159763313609,2,0.008771929824561403,0.2,10,0.028169014084507043,1.0,10,0.0273224043715847,1.0,0.27,0.0,11,11,10,362,0.027624309392265192,0.3,0,0.0
165262,10,0.025974025974025976,2,0.005917159763313609,2,0.008771929824561403,0.2,10,0.028169014084507043,1.0,10,0.0273224043715847,1.0,0.27,0.0,11,10,10,362,0.027624309392265192,0.3,0,0.0
165262,10,0.025974025974025976,2,0.005917159763313609,2,0.008771929824561403,0.2,10,0.028169014084507043,1.0,10,0.0273224043715847,1.0,0.27,0.0,11,10,10,362,0.027624309392265192,0.3,0,0.0
165262,10,0.025974025974025976,2,0.005917159763313609,2,0.008771929824561403,0.2,10,0.028169014084507043,1.0,10,0.0273224043715847,1.0,0.27,0.0,11,10,10,362,0.027624309392265192,0.3,0,0.0
165262,10,0.025974025974025976,2,0.005917159763313609,2,0.008771929824561403,0.2,10,0.028169014084507043,1.0,10,0.0273224043715847,1.0,0.27,0.0,11,10,10,362,0.027624309392265192,0.3,0,0.0
165262,10,0.025974025974025976,2,0.005917159763313609,2,0.008771929824561403,0.2,10,0.028169014084507043,1.0,10,0.0273224043715847,1.0,0.27,0.0,11,10,10,362,0.027624309392265192,0.3,0,0.0
165262,10,0.025974025974025976,2,0.005917159763313609,2,0.008771929824561403,0.2,10,0.028169014084507043,1.0,10,0.0273224043715847,1.0,0.27,0.0,11,10,10,362,0.027624309392265192,0.3,0,0.0
165262,10,0.025974025974025976,2,0.005917159763313609,2,0.008771929824561403,0.2,10,0.028169014084507043,1.0,10,0.0273224043715847,1.0,0.27,0.0,11,10,10,362,0.027624309392265192,0.3,0,0.0
165262,10,0.025974025974025976,2,0.005917159763313609,2,0.008771929824561403,0.2,10,0.028169014084507043,1.0,10,0.0273224043715847,1.0,0.27,0.0,11,10,10,362,0.027624309392265192,0.3,0,0.0
97492,1,0.0025974025974025974,1,0.005917159763313609,1,0.0043859649122807015,1.0,1,0.0028169014084507044,1.0,1,0.00273224043715847,1.0,0.27,0.0,11,11,1,362,0.0027624309392265192,0.0,0,0.0
335815,1,0.0025974025974025974,1,0.005917159763313609,1,0.0043859649122807015,1.0,1,0.0028169014084507044,1.0,1,0.00273224043715847,1.0,0.73,0.0,11,11,1,362,0.0027624309392265192,0.0,0,0.0
8552,2,0.005194805194805195,2,0.005917159763313609,1,0.0043859649122807015,0.5,1,0.0028169014084507044,0.5,2,0.00546448087431694,1.0,0.27,0.0,11,11,2,362,0.0055248618784530384,0.0,0,0.0
8552,2,0.005194805194805195,2,0.005917159763313609,1,0.0043859649122807015,0.5,1,0.0028169014084507044,0.5,2,0.00546448087431694,1.0,0.27,0.0,11,3,2,362,0.0055248618784530384,0.0,0,0.0
340708,3,0.007792207792207792,1,0.005917159763313609,3,0.013157894736842105,1.0,3,0.008450704225352112,1.0,3,0.00819672131147541,1.0,0.27,0.23,11,11,3,362,0.008287292817679558,0.0,0,0.0
340708,3,0.007792207792207792,1,0.005917159763313609,3,0.013157894736842105,1.0,3,0.008450704225352112,1.0,3,0.00819672131147541,1.0,0.27,0.23,11,11,3,362,0.008287292817679558,0.0,0,0.0
340708,3,0.007792207792207792,1,0.005917159763313609,3,0.013157894736842105,1.0,3,0.008450704225352112,1.0,3,0.00819672131147541,1.0,0.27,0.23,11,11,3,362,0.008287292817679558,0.0,0,0.0
127492,5,0.012987012987012988,1,0.005917159763313609,5,0.021929824561403508,1.0,5,0.014084507042253521,1.0,5,0.01366120218579235,1.0,0.27,0.0,11,11,5,362,0.013812154696132596,0.4,1,0.2
127492,5,0.012987012987012988,1,0.005917159763313609,5,0.021929824561403508,1.0,5,0.014084507042253521,1.0,5,0.01366120218579235,1.0,0.27,0.0,11,11,5,362,0.013812154696132596,0.4,1,0.2
127492,5,0.012987012987012988,1,0.005917159763313609,5,0.021929824561403508,1.0,5,0.014084507042253521,1.0,5,0.01366120218579235,1.0,0.27,0.0,11,11,5,362,0.013812154696132596,0.4,1,0.2
127492,5,0.012987012987012988,1,0.005917159763313609,5,0.021929824561403508,1.0,5,0.014084507042253521,1.0,5,0.01366120218579235,1.0,0.27,0.0,11,11,5,362,0.013812154696132596,0.4,1,0.2
127492,5,0.012987012987012988,1,0.005917159763313609,5,0.021929824561403508,1.0,5,0.014084507042253521,1.0,5,0.01366120218579235,1.0,0.27,0.0,11,11,5,362,0.013812154696132596,0.4,1,0.2
143411,2,0.005194805194805195,1,0.005917159763313609,2,0.008771929824561403,1.0,2,0.005633802816901409,1.0,2,0.00546448087431694,1.0,0.73,0.0,11,11,2,362,0.0055248618784530384,1.0,1,0.5
143411,2,0.005194805194805195,1,0.005917159763313609,2,0.008771929824561403,1.0,2,0.005633802816901409,1.0,2,0.00546448087431694,1.0,0.73,0.0,11,11,2,362,0.0055248618784530384,1.0,1,0.5
324110,2,0.005194805194805195,1,0.005917159763313609,2,0.008771929824561403,1.0,2,0.005633802816901409,1.0,2,0.00546448087431694,1.0,0.27,0.0,11,11,2,362,0.0055248618784530384,1.0,1,0.5
324110,2,0.005194805194805195,1,0.005917159763313609,2,0.008771929824561403,1.0,2,0.005633802816901409,1.0,2,0.00546448087431694,1.0,0.27,0.0,11,11,2,362,0.0055248618784530384,1.0,1,0.5
226193,1,0.0025974025974025974,1,0.005917159763313609,1,0.0043859649122807015,1.0,1,0.0028169014084507044,1.0,1,0.00273224043715847,1.0,0.27,0.73,11,11,1,362,0.0027624309392265192,0.0,0,0.0
108048,2,0.005194805194805195,1,0.005917159763313609,2,0.008771929824561403,1.0,2,0.005633802816901409,1.0,2,0.00546448087431694,1.0,0.27,0.0,11,11,2,362,0.0055248618784530384,0.0,0,0.0
108048,2,0.005194805194805195,1,0.005917159763313609,2,0.008771929824561403,1.0,2,0.005633802816901409,1.0,2,0.00546448087431694,1.0,0.27,0.0,11,11,2,362,0.0055248618784530384,0.0,0,0.0
355412,1,0.0025974025974025974,1,0.005917159763313609,0,0.0,0.0,1,0.0028169014084507044,1.0,1,0.00273224043715847,1.0,0.27,0.0,11,10,1,362,0.0027624309392265192,0.0,0,0.0
245259,1,0.0025974025974025974,1,0.005917159763313609,1,0.0043859649122807015,1.0,1,0.0028169014084507044,1.0,1,0.00273224043715847,1.0,0.27,0.73,11,11,1,362,0.0027624309392265192,0.0,0,0.0
251563,1,0.0025974025974025974,1,0.005917159763313609,1,0.0043859649122807015,1.0,1,0.0028169014084507044,1.0,1,0.00273224043715847,1.0,0.27,0.23,11,11,1,362,0.0027624309392265192,0.0,0,0.0
81918,2,0.005194805194805195,2,0.005917159763313609,1,0.0043859649122807015,0.5,1,0.0028169014084507044,0.5,1,0.00273224043715847,0.5,0.27,0.23,6,3,1,5,0.2,0.0,0,0.0
81918,2,0.005194805194805195,2,0.005917159763313609,1,0.0043859649122807015,0.5,1,0.0028169014084507044,0.5,1,0.00273224043715847,0.5,0.27,0.23,11,11,1,362,0.0027624309392265192,0.0,0,0.0
79189,1,0.0025974025974025974,1,0.005917159763313609,0,0.0,0.0,0,0.0,0.0,0,0.0,0.0,0.73,0.73,8,1,1,5,0.2,0.0,0,0.0
173653,2,0.005194805194805195,1,0.005917159763313609,2,0.008771929824561403,1.0,2,0.005633802816901409,1.0,2,0.00546448087431694,1.0,0.73,0.73,11,11,2,362,0.0055248618784530384,1.0,1,0.5
173653,2,0.005194805194805195,1,0.005917159763313609,2,0.008771929824561403,1.0,2,0.005633802816901409,1.0,2,0.00546448087431694,1.0,0.73,0.73,11,11,2,362,0.0055248618784530384,1.0,1,0.5
283745,2,0.005194805194805195,1,0.005917159763313609,0,0.0,0.0,2,0.005633802816901409,1.0,2,0.00546448087431694,1.0,0.73,0.73,11,10,2,362,0.0055248618784530384,0.0,0,0.0
283745,2,0.005194805194805195,1,0.005917159763313609,0,0.0,0.0,2,0.005633802816901409,1.0,2,0.00546448087431694,1.0,0.73,0.73,11,10,2,362,0.0055248618784530384,0.0,0,0.0
97762,2,0.005194805194805195,2,0.005917159763313609,0,0.0,0.0,0,0.0,0.0,0,0.0,0.0,0.73,0.73,8,4,2,5,0.4,0.0,0,0.0
97762,2,0.005194805194805195,2,0.005917159763313609,0,0.0,0.0,0,0.0,0.0,0,0.0,0.0,0.73,0.73,8,6,2,5,0.4,0.0,0,0.0
5534,1,0.0025974025974025974,1,0.005917159763313609,0,0.0,0.0,1,0.0028169014084507044,1.0,1,0.00273224043715847,1.0,0.27,0.05,11,10,1,362,0.0027624309392265192,0.0,0,0.0
317444,1,0.0025974025974025974,1,0.005917159763313609,0,0.0,0.0,1,0.0028169014084507044,1.0,1,0.00273224043715847,1.0,0.27,0.23,11,10,1,362,0.0027624309392265192,0.0,0,0.0
32155,2,0.005194805194805195,2,0.005917159763313609,1,0.0043859649122807015,0.5,2,0.005633802816901409,1.0,2,0.00546448087431694,1.0,0.27,0.23,11,11,2,362,0.0055248618784530384,0.0,0,0.0
32155,2,0.005194805194805195,2,0.005917159763313609,1,0.0043859649122807015,0.5,2,0.005633802816901409,1.0,2,0.00546448087431694,1.0,0.27,0.23,11,10,2,362,0.0055248618784530384,0.0,0,0.0
29443,1,0.0025974025974025974,1,0.005917159763313609,0,0.0,0.0,0,0.0,0.0,0,0.0,0.0,0.73,0.23,8,6,1,5,0.2,0.0,0,0.0
364459,1,0.0025974025974025974,1,0.005917159763313609,0,0.0,0.0,0,0.0,0.0,1,0.00273224043715847,1.0,0.73,0.23,11,1,1,362,0.0027624309392265192,0.0,0,0.0
367079,1,0.0025974025974025974,1,0.005917159763313609,1,0.0043859649122807015,1.0,1,0.0028169014084507044,1.0,1,0.00273224043715847,1.0,0.73,0.23,11,11,1,362,0.0027624309392265192,0.0,0,0.0
348030,2,0.005194805194805195,1,0.005917159763313609,2,0.008771929824561403,1.0,2,0.005633802816901409,1.0,2,0.00546448087431694,1.0,0.27,0.0,11,11,2,362,0.0055248618784530384,0.0,0,0.0
348030,2,0.005194805194805195,1,0.005917159763313609,2,0.008771929824561403,1.0,2,0.005633802816901409,1.0,2,0.00546448087431694,1.0,0.27,0.0,11,11,2,362,0.0055248618784530384,0.0,0,0.0
4755,1,0.0025974025974025974,1,0.005917159763313609,0,0.0,0.0,1,0.0028169014084507044,1.0,1,0.00273224043715847,1.0,0.73,0.73,11,7,1,362,0.0027624309392265192,0.0,0,0.0
132884,1,0.0025974025974025974,1,0.005917159763313609,1,0.0043859649122807015,1.0,1,0.0028169014084507044,1.0,1,0.00273224043715847,1.0,0.27,0.73,11,11,1,362,0.0027624309392265192,0.0,0,0.0
246586,5,0.012987012987012988,2,0.005917159763313609,1,0.0043859649122807015,0.2,5,0.014084507042253521,1.0,5,0.01366120218579235,1.0,0.27,0.0,11,10,5,362,0.013812154696132596,0.4,1,0.2
246586,5,0.012987012987012988,2,0.005917159763313609,1,0.0043859649122807015,0.2,5,0.014084507042253521,1.0,5,0.01366120218579235,1.0,0.27,0.0,11,10,5,362,0.013812154696132596,0.4,1,0.2
246586,5,0.012987012987012988,2,0.005917159763313609,1,0.0043859649122807015,0.2,5,0.014084507042253521,1.0,5,0.01366120218579235,1.0,0.27,0.0,11,10,5,362,0.013812154696132596,0.4,1,0.2
246586,5,0.012987012987012988,2,0.005917159763313609,1,0.0043859649122807015,0.2,5,0.014084507042253521,1.0,5,0.01366120218579235,1.0,0.27,0.0,11,10,5,362,0.013812154696132596,0.4,1,0.2
246586,5,0.012987012987012988,2,0.005917159763313609,1,0.0043859649122807015,0.2,5,0.014084507042253521,1.0,5,0.01366120218579235,1.0,0.27,0.0,11,11,5,362,0.013812154696132596,0.4,1,0.2
102477,2,0.005194805194805195,1,0.005917159763313609,0,0.0,0.0,2,0.005633802816901409,1.0,2,0.00546448087431694,1.0,0.73,0.05,11,10,2,362,0.0055248618784530384,1.5,0,0.0
102477,2,0.005194805194805195,1,0.005917159763313609,0,0.0,0.0,2,0.005633802816901409,1.0,2,0.00546448087431694,1.0,0.73,0.05,11,10,2,362,0.0055248618784530384,1.5,0,0.0
274624,6,0.015584415584415584,2,0.005917159763313609,5,0.021929824561403508,0.8333333333333334,6,0.016901408450704224,1.0,6,0.01639344262295082,1.0,0.73,0.0,11,11,6,362,0.016574585635359115,0.8333333333333334,1,0.16666666666666666
274624,6,0.015584415584415584,2,0.005917159763313609,5,0.021929824561403508,0.8333333333333334,6,0.016901408450704224,1.0,6,0.01639344262295082,1.0,0.73,0.0,11,11,6,362,0.016574585635359115,0.8333333333333334,1,0.16666666666666666
274624,6,0.015584415584415584,2,0.005917159763313609,5,0.021929824561403508,0.8333333333333334,6,0.016901408450704224,1.0,6,0.01639344262295082,1.0,0.73,0.0,11,11,6,362,0.016574585635359115,0.8333333333333334,1,0.16666666666666666
274624,6,0.015584415584415584,2,0.005917159763313609,5,0.021929824561403508,0.8333333333333334,6,0.016901408450704224,1.0,6,0.01639344262295082,1.0,0.73,0.0,11,11,6,362,0.016574585635359115,0.8333333333333334,1,0.16666666666666666
274624,6,0.015584415584415584,2,0.005917159763313609,5,0.021929824561403508,0.8333333333333334,6,0.016901408450704224,1.0,6,0.01639344262295082,1.0,0.73,0.0,11,5,6,362,0.016574585635359115,0.8333333333333334,1,0.16666666666666666
274624,6,0.015584415584415584,2,0.005917159763313609,5,0.021929824561403508,0.8333333333333334,6,0.016901408450704224,1.0,6,0.01639344262295082,1.0,0.73,0.0,11,11,6,362,0.016574585635359115,0.8333333333333334,1,0.16666666666666666
175206,3,0.007792207792207792,1,0.005917159763313609,3,0.013157894736842105,1.0,3,0.008450704225352112,1.0,3,0.00819672131147541,1.0,0.73,0.73,11,11,3,362,0.008287292817679558,0.0,0,0.0
175206,3,0.007792207792207792,1,0.005917159763313609,3,0.013157894736842105,1.0,3,0.008450704225352112,1.0,3,0.00819672131147541,1.0,0.73,0.73,11,11,3,362,0.008287292817679558,0.0,0,0.0
175206,3,0.007792207792207792,1,0.005917159763313609,3,0.013157894736842105,1.0,3,0.008450704225352112,1.0,3,0.00819672131147541,1.0,0.73,0.73,11,11,3,362,0.008287292817679558,0.0,0,0.0
123833,1,0.0025974025974025974,1,0.005917159763313609,0,0.0,0.0,1,0.0028169014084507044,1.0,1,0.00273224043715847,1.0,0.27,0.0,11,8,1,362,0.0027624309392265192,0.0,0,0.0
367500,1,0.0025974025974025974,1,0.005917159763313609,0,0.0,0.0,1,0.0028169014084507044,1.0,1,0.00273224043715847,1.0,0.73,0.0,11,10,1,362,0.0027624309392265192,0.0,0,0.0
355808,2,0.005194805194805195,2,0.005917159763313609,1,0.0043859649122807015,0.5,2,0.005633802816901409,1.0,2,0.00546448087431694,1.0,0.27,0.73,11,11,2,362,0.0055248618784530384,0.0,0,0.0
355808,2,0.005194805194805195,2,0.005917159763313609,1,0.0043859649122807015,0.5,2,0.005633802816901409,1.0,2,0.00546448087431694,1.0,0.27,0.73,11,10,2,362,0.0055248618784530384,0.0,0,0.0
28461,2,0.005194805194805195,1,0.005917159763313609,2,0.008771929824561403,1.0,2,0.005633802816901409,1.0,2,0.00546448087431694,1.0,0.27,0.0,11,11,2,362,0.0055248618784530384,1.0,1,0.5
28461,2,0.005194805194805195,1,0.005917159763313609,2,0.008771929824561403,1.0,2,0.005633802816901409,1.0,2,0.00546448087431694,1.0,0.27,0.0,11,11,2,362,0.0055248618784530384,1.0,1,0.5
35597,1,0.0025974025974025974,1,0.005917159763313609,0,0.0,0.0,1,0.0028169014084507044,1.0,1,0.00273224043715847,1.0,0.73,0.0,11,10,1,362,0.0027624309392265192,0.0,0,0.0
352780,2,0.005194805194805195,1,0.005917159763313609,2,0.008771929824561403,1.0,2,0.005633802816901409,1.0,2,0.00546448087431694,1.0,0.73,0.73,11,11,2,362,0.0055248618784530384,1.0,1,0.5
352780,2,0.005194805194805195,1,0.005917159763313609,2,0.008771929824561403,1.0,2,0.005633802816901409,1.0,2,0.00546448087431694,1.0,0.73,0.73,11,11,2,362,0.0055248618784530384,1.0,1,0.5
78667,1,0.0025974025974025974,1,0.005917159763313609,0,0.0,0.0,0,0.0,0.0,1,0.00273224043715847,1.0,0.73,0.0,10,26,1,5,0.2,0.0,0,0.0
257735,1,0.0025974025974025974,1,0.005917159763313609,0,0.0,0.0,1,0.0028169014084507044,1.0,1,0.00273224043715847,1.0,0.27,0.23,11,8,1,362,0.0027624309392265192,0.0,0,0.0
165083,1,0.0025974025974025974,1,0.005917159763313609,0,0.0,0.0,0,0.0,0.0,0,0.0,0.0,0.73,0.0,10,1,1,5,0.2,0.0,0,0.0
90821,1,0.0025974025974025974,1,0.005917159763313609,1,0.0043859649122807015,1.0,1,0.0028169014084507044,1.0,1,0.00273224043715847,1.0,0.73,0.23,11,11,1,362,0.0027624309392265192,0.0,0,0.0
289430,1,0.0025974025974025974,1,0.005917159763313609,0,0.0,0.0,0,0.0,0.0,1,0.00273224043715847,1.0,0.27,0.0,10,22,1,5,0.2,0.0,0,0.0
251644,1,0.0025974025974025974,1,0.005917159763313609,0,0.0,0.0,1,0.0028169014084507044,1.0,1,0.00273224043715847,1.0,0.27,0.73,11,8,1,362,0.0027624309392265192,0.0,0,0.0
283392,1,0.0025974025974025974,1,0.005917159763313609,1,0.0043859649122807015,1.0,1,0.0028169014084507044,1.0,1,0.00273224043715847,1.0,0.73,0.23,11,11,1,362,0.0027624309392265192,0.0,0,0.0
353886,1,0.0025974025974025974,1,0.005917159763313609,1,0.0043859649122807015,1.0,1,0.0028169014084507044,1.0,1,0.00273224043715847,1.0,0.27,0.0,11,11,1,362,0.0027624309392265192,0.0,0,0.0
353447,1,0.0025974025974025974,1,0.005917159763313609,0,0.0,0.0,0,0.0,0.0,0,0.0,0.0,0.27,0.0,6,1,1,5,0.2,0.0,0,0.0
131122,1,0.0025974025974025974,1,0.005917159763313609,1,0.0043859649122807015,1.0,1,0.0028169014084507044,1.0,1,0.00273224043715847,1.0,0.27,0.0,11,11,1,362,0.0027624309392265192,0.0,0,0.0
117310,3,0.007792207792207792,1,0.005917159763313609,3,0.013157894736842105,1.0,3,0.008450704225352112,1.0,3,0.00819672131147541,1.0,0.73,0.0,11,11,3,362,0.008287292817679558,0.6666666666666666,1,0.3333333333333333
117310,3,0.007792207792207792,1,0.005917159763313609,3,0.013157894736842105,1.0,3,0.008450704225352112,1.0,3,0.00819672131147541,1.0,0.73,0.0,11,11,3,362,0.008287292817679558,0.6666666666666666,1,0.3333333333333333
117310,3,0.007792207792207792,1,0.005917159763313609,3,0.013157894736842105,1.0,3,0.008450704225352112,1.0,3,0.00819672131147541,1.0,0.73,0.0,11,11,3,362,0.008287292817679558,0.6666666666666666,1,0.3333333333333333
59028,1,0.0025974025974025974,1,0.005917159763313609,0,0.0,0.0,1,0.0028169014084507044,1.0,1,0.00273224043715847,1.0,0.73,0.73,11,10,1,362,0.0027624309392265192,0.0,0,0.0
52647,1,0.0025974025974025974,1,0.005917159763313609,1,0.0043859649122807015,1.0,1,0.0028169014084507044,1.0,1,0.00273224043715847,1.0,0.0,0.0,11,11,1,362,0.0027624309392265192,0.0,0,0.0
2448,2,0.005194805194805195,1,0.005917159763313609,0,0.0,0.0,0,0.0,0.0,0,0.0,0.0,0.73,0.0,6,17,2,5,0.4,0.0,0,0.0
2448,2,0.005194805194805195,1,0.005917159763313609,0,0.0,0.0,0,0.0,0.0,0,0.0,0.0,0.73,0.0,6,17,2,5,0.4,0.0,0,0.0
163584,1,0.0025974025974025974,1,0.005917159763313609,1,0.0043859649122807015,1.0,1,0.0028169014084507044,1.0,1,0.00273224043715847,1.0,0.73,0.0,11,11,1,362,0.0027624309392265192,0.0,0,0.0
295977,1,0.0025974025974025974,1,0.005917159763313609,0,0.0,0.0,0,0.0,0.0,1,0.00273224043715847,1.0,0.27,0.0,11,1,1,362,0.0027624309392265192,0.0,0,0.0
62849,2,0.005194805194805195,2,0.005917159763313609,0,0.0,0.0,2,0.005633802816901409,1.0,2,0.00546448087431694,1.0,0.73,0.0,11,10,2,362,0.0055248618784530384,0.0,0,0.0
62849,2,0.005194805194805195,2,0.005917159763313609,0,0.0,0.0,2,0.005633802816901409,1.0,2,0.00546448087431694,1.0,0.73,0.0,11,9,2,362,0.0055248618784530384,0.0,0,0.0
125558,3,0.007792207792207792,2,0.005917159763313609,2,0.008771929824561403,0.6666666666666666,2,0.005633802816901409,0.6666666666666666,3,0.00819672131147541,1.0,0.27,0.23,11,11,2,362,0.0055248618784530384,0.0,0,0.0
125558,3,0.007792207792207792,2,0.005917159763313609,2,0.008771929824561403,0.6666666666666666,2,0.005633802816901409,0.6666666666666666,3,0.00819672131147541,1.0,0.27,0.23,11,11,2,362,0.0055248618784530384,0.0,0,0.0
125558,3,0.007792207792207792,2,0.005917159763313609,2,0.008771929824561403,0.6666666666666666,2,0.005633802816901409,0.6666666666666666,3,0.00819672131147541,1.0,0.27,0.23,10,30,1,5,0.2,0.0,0,0.0
274843,1,0.0025974025974025974,1,0.005917159763313609,1,0.0043859649122807015,1.0,1,0.0028169014084507044,1.0,1,0.00273224043715847,1.0,0.73,0.73,11,11,1,362,0.0027624309392265192,0.0,0,0.0
263873,1,0.0025974025974025974,1,0.005917159763313609,0,0.0,0.0,1,0.0028169014084507044,1.0,1,0.00273224043715847,1.0,0.0,0.0,11,9,1,362,0.0027624309392265192,0.0,0,0.0
378696,1,0.0025974025974025974,1,0.005917159763313609,0,0.0,0.0,1,0.0028169014084507044,1.0,1,0.00273224043715847,1.0,0.27,0.0,11,10,1,362,0.0027624309392265192,0.0,0,0.0
239687,1,0.0025974025974025974,1,0.005917159763313609,1,0.0043859649122807015,1.0,1,0.0028169014084507044,1.0,1,0.00273224043715847,1.0,0.73,0.23,11,11,1,362,0.0027624309392265192,0.0,0,0.0
148970,6,0.015584415584415584,3,0.005917159763313609,0,0.0,0.0,0,0.0,0.0,0,0.0,0.0,0.73,0.73,5,24,6,8,0.75,0.5,0,0.0
148970,6,0.015584415584415584,3,0.005917159763313609,0,0.0,0.0,0,0.0,0.0,0,0.0,0.0,0.73,0.73,5,22,6,8,0.75,0.5,0,0.0
148970,6,0.015584415584415584,3,0.005917159763313609,0,0.0,0.0,0,0.0,0.0,0,0.0,0.0,0.73,0.73,5,29,6,8,0.75,0.5,0,0.0
148970,6,0.015584415584415584,3,0.005917159763313609,0,0.0,0.0,0,0.0,0.0,0,0.0,0.0,0.73,0.73,5,22,6,8,0.75,0.5,0,0.0
148970,6,0.015584415584415584,3,0.005917159763313609,0,0.0,0.0,0,0.0,0.0,0,0.0,0.0,0.73,0.73,5,22,6,8,0.75,0.5,0,0.0
148970,6,0.015584415584415584,3,0.005917159763313609,0,0.0,0.0,0,0.0,0.0,0,0.0,0.0,0.73,0.73,5,22,6,8,0.75,0.5,0,0.0
257966,1,0.0025974025974025974,1,0.005917159763313609,1,0.0043859649122807015,1.0,1,0.0028169014084507044,1.0,1,0.00273224043715847,1.0,0.27,0.23,11,11,1,362,0.0027624309392265192,0.0,0,0.0
401399,1,0.0025974025974025974,1,0.005917159763313609,0,0.0,0.0,1,0.0028169014084507044,1.0,1,0.00273224043715847,1.0,0.27,0.73,11,9,1,362,0.0027624309392265192,0.0,0,0.0
187060,1,0.0025974025974025974,1,0.005917159763313609,0,0.0,0.0,1,0.0028169014084507044,1.0,1,0.00273224043715847,1.0,0.27,0.73,11,8,1,362,0.0027624309392265192,0.0,0,0.0
15100,1,0.0025974025974025974,1,0.005917159763313609,0,0.0,0.0,1,0.0028169014084507044,1.0,1,0.00273224043715847,1.0,0.73,0.23,11,6,1,362,0.0027624309392265192,0.0,0,0.0
218579,1,0.0025974025974025974,1,0.005917159763313609,1,0.0043859649122807015,1.0,1,0.0028169014084507044,1.0,1,0.00273224043715847,1.0,0.73,0.0,11,11,1,362,0.0027624309392265192,0.0,0,0.0
132803,1,0.0025974025974025974,1,0.005917159763313609,0,0.0,0.0,1,0.0028169014084507044,1.0,1,0.00273224043715847,1.0,0.27,0.0,11,9,1,362,0.0027624309392265192,0.0,0,0.0
12875,1,0.0025974025974025974,1,0.005917159763313609,0,0.0,0.0,1,0.0028169014084507044,1.0,1,0.00273224043715847,1.0,0.73,0.73,11,5,1,362,0.0027624309392265192,0.0,0,0.0
44606,2,0.005194805194805195,1,0.005917159763313609,2,0.008771929824561403,1.0,2,0.005633802816901409,1.0,2,0.00546448087431694,1.0,0.27,0.0,11,11,2,362,0.0055248618784530384,0.0,0,0.0
44606,2,0.005194805194805195,1,0.005917159763313609,2,0.008771929824561403,1.0,2,0.005633802816901409,1.0,2,0.00546448087431694,1.0,0.27,0.0,11,11,2,362,0.0055248618784530384,0.0,0,0.0
258575,1,0.0025974025974025974,1,0.005917159763313609,0,0.0,0.0,1,0.0028169014084507044,1.0,1,0.00273224043715847,1.0,0.27,0.0,11,10,1,362,0.0027624309392265192,0.0,0,0.0
60425,6,0.015584415584415584,2,0.005917159763313609,3,0.013157894736842105,0.5,6,0.016901408450704224,1.0,6,0.01639344262295082,1.0,0.27,0.23,11,10,6,362,0.016574585635359115,0.8333333333333334,1,0.16666666666666666
60425,6,0.015584415584415584,2,0.005917159763313609,3,0.013157894736842105,0.5,6,0.016901408450704224,1.0,6,0.01639344262295082,1.0,0.27,0.23,11,10,6,362,0.016574585635359115,0.8333333333333334,1,0.16666666666666666
60425,6,0.015584415584415584,2,0.005917159763313609,3,0.013157894736842105,0.5,6,0.016901408450704224,1.0,6,0.01639344262295082,1.0,0.27,0.23,11,10,6,362,0.016574585635359115,0.8333333333333334,1,0.16666666666666666
60425,6,0.015584415584415584,2,0.005917159763313609,3,0.013157894736842105,0.5,6,0.016901408450704224,1.0,6,0.01639344262295082,1.0,0.27,0.23,11,11,6,362,0.016574585635359115,0.8333333333333334,1,0.16666666666666666
60425,6,0.015584415584415584,2,0.005917159763313609,3,0.013157894736842105,0.5,6,0.016901408450704224,1.0,6,0.01639344262295082,1.0,0.27,0.23,11,11,6,362,0.016574585635359115,0.8333333333333334,1,0.16666666666666666
60425,6,0.015584415584415584,2,0.005917159763313609,3,0.013157894736842105,0.5,6,0.016901408450704224,1.0,6,0.01639344262295082,1.0,0.27,0.23,11,11,6,362,0.016574585635359115,0.8333333333333334,1,0.16666666666666666
340104,1,0.0025974025974025974,1,0.005917159763313609,1,0.0043859649122807015,1.0,1,0.0028169014084507044,1.0,1,0.00273224043715847,1.0,0.27,0.0,11,11,1,362,0.0027624309392265192,0.0,0,0.0
113078,1,0.0025974025974025974,1,0.005917159763313609,1,0.0043859649122807015,1.0,1,0.0028169014084507044,1.0,1,0.00273224043715847,1.0,0.73,0.73,11,11,1,362,0.0027624309392265192,0.0,0,0.0
229569,6,0.015584415584415584,2,0.005917159763313609,0,0.0,0.0,6,0.016901408450704224,1.0,6,0.01639344262295082,1.0,0.27,0.0,11,9,6,362,0.016574585635359115,0.0,0,0.0
229569,6,0.015584415584415584,2,0.005917159763313609,0,0.0,0.0,6,0.016901408450704224,1.0,6,0.01639344262295082,1.0,0.27,0.0,11,8,6,362,0.016574585635359115,0.0,0,0.0
229569,6,0.015584415584415584,2,0.005917159763313609,0,0.0,0.0,6,0.016901408450704224,1.0,6,0.01639344262295082,1.0,0.27,0.0,11,8,6,362,0.016574585635359115,0.0,0,0.0
229569,6,0.015584415584415584,2,0.005917159763313609,0,0.0,0.0,6,0.016901408450704224,1.0,6,0.01639344262295082,1.0,0.27,0.0,11,8,6,362,0.016574585635359115,0.0,0,0.0
229569,6,0.015584415584415584,2,0.005917159763313609,0,0.0,0.0,6,0.016901408450704224,1.0,6,0.01639344262295082,1.0,0.27,0.0,11,8,6,362,0.016574585635359115,0.0,0,0.0
229569,6,0.015584415584415584,2,0.005917159763313609,0,0.0,0.0,6,0.016901408450704224,1.0,6,0.01639344262295082,1.0,0.27,0.0,11,8,6,362,0.016574585635359115,0.0,0,0.0
289079,1,0.0025974025974025974,1,0.005917159763313609,1,0.0043859649122807015,1.0,1,0.0028169014084507044,1.0,1,0.00273224043715847,1.0,0.73,0.23,11,11,1,362,0.0027624309392265192,0.0,0,0.0
72143,1,0.0025974025974025974,1,0.005917159763313609,0,0.0,0.0,0,0.0,0.0,1,0.00273224043715847,1.0,0.27,0.73,10,26,1,5,0.2,0.0,0,0.0
403117,1,0.0025974025974025974,1,0.005917159763313609,1,0.0043859649122807015,1.0,1,0.0028169014084507044,1.0,1,0.00273224043715847,1.0,0.73,0.0,11,11,1,362,0.0027624309392265192,0.0,0,0.0
36385,2,0.005194805194805195,1,0.005917159763313609,2,0.008771929824561403,1.0,2,0.005633802816901409,1.0,2,0.00546448087431694,1.0,0.27,0.0,11,11,2,362,0.0055248618784530384,1.0,1,0.5
36385,2,0.005194805194805195,1,0.005917159763313609,2,0.008771929824561403,1.0,2,0.005633802816901409,1.0,2,0.00546448087431694,1.0,0.27,0.0,11,11,2,362,0.0055248618784530384,1.0,1,0.5
122632,3,0.007792207792207792,2,0.005917159763313609,0,0.0,0.0,3,0.008450704225352112,1.0,3,0.00819672131147541,1.0,0.27,0.73,11,9,3,362,0.008287292817679558,0.0,0,0.0
122632,3,0.007792207792207792,2,0.005917159763313609,0,0.0,0.0,3,0.008450704225352112,1.0,3,0.00819672131147541,1.0,0.27,0.73,11,8,3,362,0.008287292817679558,0.0,0,0.0
122632,3,0.007792207792207792,2,0.005917159763313609,0,0.0,0.0,3,0.008450704225352112,1.0,3,0.00819672131147541,1.0,0.27,0.73,11,8,3,362,0.008287292817679558,0.0,0,0.0
95362,1,0.0025974025974025974,1,0.005917159763313609,1,0.0043859649122807015,1.0,1,0.0028169014084507044,1.0,1,0.00273224043715847,1.0,0.27,0.0,11,11,1,362,0.0027624309392265192,0.0,0,0.0
99823,1,0.0025974025974025974,1,0.005917159763313609,0,0.0,0.0,1,0.0028169014084507044,1.0,1,0.00273224043715847,1.0,0.27,0.0,11,10,1,362,0.0027624309392265192,0.0,0,0.0
