user_id,item_id,seller_id,time_stamp,label,1111 action count,last month action count,month_total_action_count,merchant_female_count,month_merchant_male_count,merchant_buys,merchant_female_buy_count,merchant_ageGroup_2_counts,merchant_ageGroup_3_counts,merchant_ageGroup_5_counts,merchant_ageGroup_8_counts,merchant_ageGroup_0_counts,brand_monthly_action_count,brand_female_count,month_brand_male_count,brand_female_buy_count,brand_ageGroup_2_counts,brand_ageGroup_3_counts,brand_ageGroup_5_counts,brand_ageGroup_8_counts,brand_ageGroup_0_counts,item_monthly_action_count,item_female_count,month_item_male_count,item_buys,item_female_buy_count,item_ageGroup_2_counts,item_ageGroup_3_counts,item_ageGroup_5_counts,item_ageGroup_8_counts,item_ageGroup_0_counts,cat_monthly_action_count,month_cat_male_count,cat_buys,cat_male_buy_count,cat_female_buy_count,cat_ageGroup_2_counts,cat_ageGroup_3_counts,cat_ageGroup_8_counts,cat_ageGroup_0_counts
379824,198,145,1111,0,3,6,362,25,9,5,4.0,2,1,7,0,8,36,25,9,4.0,2,1,7,0,8,11,3,8,1,0.0,1,1,7,0,0,36,9,5,1.0,4.0,2,1,0,8
379824,198,145,1111,0,3,6,362,25,9,5,4.0,2,1,7,0,8,36,25,9,4.0,2,1,7,0,8,11,3,8,1,0.0,1,1,7,0,0,36,9,5,1.0,4.0,2,1,0,8
379824,198,145,1111,0,3,6,362,25,9,5,4.0,2,1,7,0,8,36,25,9,4.0,2,1,7,0,8,11,3,8,1,0.0,1,1,7,0,0,36,9,5,1.0,4.0,2,1,0,8
379824,198,145,1110,0,3,6,362,25,9,5,4.0,2,1,7,0,8,36,25,9,4.0,2,1,7,0,8,11,3,8,1,0.0,1,1,7,0,0,36,9,5,1.0,4.0,2,1,0,8
379824,198,145,1110,0,3,6,362,25,9,5,4.0,2,1,7,0,8,36,25,9,4.0,2,1,7,0,8,11,3,8,1,0.0,1,1,7,0,0,36,9,5,1.0,4.0,2,1,0,8
379824,198,145,1110,0,3,6,362,25,9,5,4.0,2,1,7,0,8,36,25,9,4.0,2,1,7,0,8,11,3,8,1,0.0,1,1,7,0,0,36,9,5,1.0,4.0,2,1,0,8
141307,175,4760,1107,0,6,9,362,33,71,14,6.0,25,24,1,0,17,104,33,71,6.0,25,24,1,0,17,104,33,71,14,6.0,25,24,1,0,17,104,71,14,8.0,6.0,25,24,0,17
141307,175,4760,1107,0,6,9,362,33,71,14,6.0,25,24,1,0,17,104,33,71,6.0,25,24,1,0,17,104,33,71,14,6.0,25,24,1,0,17,104,71,14,8.0,6.0,25,24,0,17
141307,175,4760,1107,0,6,9,362,33,71,14,6.0,25,24,1,0,17,104,33,71,6.0,25,24,1,0,17,104,33,71,14,6.0,25,24,1,0,17,104,71,14,8.0,6.0,25,24,0,17
141307,175,4760,1111,0,6,9,362,33,71,14,6.0,25,24,1,0,17,104,33,71,6.0,25,24,1,0,17,104,33,71,14,6.0,25,24,1,0,17,104,71,14,8.0,6.0,25,24,0,17
141307,175,4760,1111,0,6,9,362,33,71,14,6.0,25,24,1,0,17,104,33,71,6.0,25,24,1,0,17,104,33,71,14,6.0,25,24,1,0,17,104,71,14,8.0,6.0,25,24,0,17
141307,175,4760,1111,0,6,9,362,33,71,14,6.0,25,24,1,0,17,104,33,71,6.0,25,24,1,0,17,104,33,71,14,6.0,25,24,1,0,17,104,71,14,8.0,6.0,25,24,0,17
141307,175,4760,1111,0,6,9,362,33,71,14,6.0,25,24,1,0,17,104,33,71,6.0,25,24,1,0,17,104,33,71,14,6.0,25,24,1,0,17,104,71,14,8.0,6.0,25,24,0,17
141307,175,4760,1111,0,6,9,362,33,71,14,6.0,25,24,1,0,17,104,33,71,6.0,25,24,1,0,17,104,33,71,14,6.0,25,24,1,0,17,104,71,14,8.0,6.0,25,24,0,17
141307,175,4760,1111,0,6,9,362,33,71,14,6.0,25,24,1,0,17,104,33,71,6.0,25,24,1,0,17,104,33,71,14,6.0,25,24,1,0,17,104,71,14,8.0,6.0,25,24,0,17
252255,175,4760,1111,0,1,1,362,33,71,14,6.0,25,24,1,0,17,104,33,71,6.0,25,24,1,0,17,104,33,71,14,6.0,25,24,1,0,17,104,71,14,8.0,6.0,25,24,0,17
309566,175,4760,1111,0,1,1,362,33,71,14,6.0,25,24,1,0,17,104,33,71,6.0,25,24,1,0,17,104,33,71,14,6.0,25,24,1,0,17,104,71,14,8.0,6.0,25,24,0,17
206032,281,246,1108,0,6,14,362,19,0,3,3.0,0,0,0,0,0,19,19,0,3.0,0,0,0,0,0,19,19,0,3,3.0,0,0,0,0,0,20,0,3,0.0,3.0,1,0,0,0
206032,281,246,1108,0,6,14,362,19,0,3,3.0,0,0,0,0,0,19,19,0,3.0,0,0,0,0,0,19,19,0,3,3.0,0,0,0,0,0,20,0,3,0.0,3.0,1,0,0,0
206032,281,246,1104,0,6,14,362,19,0,3,3.0,0,0,0,0,0,19,19,0,3.0,0,0,0,0,0,19,19,0,3,3.0,0,0,0,0,0,20,0,3,0.0,3.0,1,0,0,0
206032,281,246,1104,0,6,14,362,19,0,3,3.0,0,0,0,0,0,19,19,0,3.0,0,0,0,0,0,19,19,0,3,3.0,0,0,0,0,0,20,0,3,0.0,3.0,1,0,0,0
206032,281,246,1111,0,6,14,362,19,0,3,3.0,0,0,0,0,0,19,19,0,3.0,0,0,0,0,0,19,19,0,3,3.0,0,0,0,0,0,20,0,3,0.0,3.0,1,0,0,0
206032,281,246,1111,0,6,14,362,19,0,3,3.0,0,0,0,0,0,19,19,0,3.0,0,0,0,0,0,19,19,0,3,3.0,0,0,0,0,0,20,0,3,0.0,3.0,1,0,0,0
206032,281,246,1107,0,6,14,362,19,0,3,3.0,0,0,0,0,0,19,19,0,3.0,0,0,0,0,0,19,19,0,3,3.0,0,0,0,0,0,20,0,3,0.0,3.0,1,0,0,0
206032,281,246,1111,0,6,14,362,19,0,3,3.0,0,0,0,0,0,19,19,0,3.0,0,0,0,0,0,19,19,0,3,3.0,0,0,0,0,0,20,0,3,0.0,3.0,1,0,0,0
206032,281,246,1111,0,6,14,362,19,0,3,3.0,0,0,0,0,0,19,19,0,3.0,0,0,0,0,0,19,19,0,3,3.0,0,0,0,0,0,20,0,3,0.0,3.0,1,0,0,0
206032,281,246,1111,0,6,14,362,19,0,3,3.0,0,0,0,0,0,19,19,0,3.0,0,0,0,0,0,19,19,0,3,3.0,0,0,0,0,0,20,0,3,0.0,3.0,1,0,0,0
206032,281,246,1111,0,6,14,362,19,0,3,3.0,0,0,0,0,0,19,19,0,3.0,0,0,0,0,0,19,19,0,3,3.0,0,0,0,0,0,20,0,3,0.0,3.0,1,0,0,0
206032,281,246,1103,0,6,14,362,19,0,3,3.0,0,0,0,0,0,19,19,0,3.0,0,0,0,0,0,19,19,0,3,3.0,0,0,0,0,0,20,0,3,0.0,3.0,1,0,0,0
206032,281,246,1109,0,6,14,362,19,0,3,3.0,0,0,0,0,0,19,19,0,3.0,0,0,0,0,0,19,19,0,3,3.0,0,0,0,0,0,20,0,3,0.0,3.0,1,0,0,0
206032,281,246,1105,0,6,14,362,19,0,3,3.0,0,0,0,0,0,19,19,0,3.0,0,0,0,0,0,19,19,0,3,3.0,0,0,0,0,0,20,0,3,0.0,3.0,1,0,0,0
182119,279,3323,1111,0,1,2,362,44,32,1,0.0,5,27,11,2,20,75,44,32,0.0,5,27,11,2,20,75,44,32,1,0.0,5,27,11,2,20,75,32,1,1.0,0.0,5,27,2,20
182119,279,3323,1110,0,1,2,362,44,32,1,0.0,5,27,11,2,20,75,44,32,0.0,5,27,11,2,20,75,44,32,1,0.0,5,27,11,2,20,75,32,1,1.0,0.0,5,27,2,20
68225,279,3323,1108,1,0,1,362,44,32,1,0.0,5,27,11,2,20,75,44,32,0.0,5,27,11,2,20,75,44,32,1,0.0,5,27,11,2,20,75,32,1,1.0,0.0,5,27,2,20
109919,198,145,1105,0,0,1,362,25,9,5,4.0,2,1,7,0,8,36,25,9,4.0,2,1,7,0,8,11,3,8,1,0.0,1,1,7,0,0,36,9,5,1.0,4.0,2,1,0,8
342023,190,1131,1108,0,0,2,362,6,0,0,0.0,0,6,0,0,0,6,6,0,0.0,0,6,0,0,0,6,6,0,0,0.0,0,6,0,0,0,6,0,0,0.0,0.0,0,6,0,0
342023,190,1131,1108,0,0,2,362,6,0,0,0.0,0,6,0,0,0,6,6,0,0.0,0,6,0,0,0,6,6,0,0,0.0,0,6,0,0,0,6,0,0,0.0,0.0,0,6,0,0
287829,175,4760,1111,0,1,1,362,33,71,14,6.0,25,24,1,0,17,104,33,71,6.0,25,24,1,0,17,104,33,71,14,6.0,25,24,1,0,17,104,71,14,8.0,6.0,25,24,0,17
255960,279,3323,1111,0,1,1,362,44,32,1,0.0,5,27,11,2,20,75,44,32,0.0,5,27,11,2,20,75,44,32,1,0.0,5,27,11,2,20,75,32,1,1.0,0.0,5,27,2,20
380420,190,1131,1105,0,0,1,362,6,0,0,0.0,0,6,0,0,0,6,6,0,0.0,0,6,0,0,0,6,6,0,0,0.0,0,6,0,0,0,6,0,0,0.0,0.0,0,6,0,0
176150,175,4760,1111,0,2,2,362,33,71,14,6.0,25,24,1,0,17,104,33,71,6.0,25,24,1,0,17,104,33,71,14,6.0,25,24,1,0,17,104,71,14,8.0,6.0,25,24,0,17
176150,175,4760,1111,0,2,2,362,33,71,14,6.0,25,24,1,0,17,104,33,71,6.0,25,24,1,0,17,104,33,71,14,6.0,25,24,1,0,17,104,71,14,8.0,6.0,25,24,0,17
407671,219,1943,1111,0,3,6,362,8,13,5,2.0,7,6,0,0,2,21,8,13,2.0,7,6,0,0,2,21,8,13,5,2.0,7,6,0,0,2,21,13,5,3.0,2.0,7,6,0,2
407671,219,1943,1111,0,3,6,362,8,13,5,2.0,7,6,0,0,2,21,8,13,2.0,7,6,0,0,2,21,8,13,5,2.0,7,6,0,0,2,21,13,5,3.0,2.0,7,6,0,2
407671,219,1943,1111,0,3,6,362,8,13,5,2.0,7,6,0,0,2,21,8,13,2.0,7,6,0,0,2,21,8,13,5,2.0,7,6,0,0,2,21,13,5,3.0,2.0,7,6,0,2
407671,219,1943,1109,0,3,6,362,8,13,5,2.0,7,6,0,0,2,21,8,13,2.0,7,6,0,0,2,21,8,13,5,2.0,7,6,0,0,2,21,13,5,3.0,2.0,7,6,0,2
407671,219,1943,1109,0,3,6,362,8,13,5,2.0,7,6,0,0,2,21,8,13,2.0,7,6,0,0,2,21,8,13,5,2.0,7,6,0,0,2,21,13,5,3.0,2.0,7,6,0,2
407671,219,1943,1109,0,3,6,362,8,13,5,2.0,7,6,0,0,2,21,8,13,2.0,7,6,0,0,2,21,8,13,5,2.0,7,6,0,0,2,21,13,5,3.0,2.0,7,6,0,2
388332,285,630,520,0,0,0,8,1,0,0,0.0,0,0,1,0,0,1,1,0,0.0,0,0,1,0,0,1,1,0,0,0.0,0,0,1,0,0,1,0,0,0.0,0.0,0,0,0,0
244552,278,1210,1111,0,2,2,362,0,2,1,0.0,2,0,0,0,0,2,0,2,0.0,2,0,0,0,0,2,0,2,1,0.0,2,0,0,0,0,2,2,1,1.0,0.0,2,0,0,0
244552,278,1210,1111,0,2,2,362,0,2,1,0.0,2,0,0,0,0,2,0,2,0.0,2,0,0,0,0,2,0,2,1,0.0,2,0,0,0,0,2,2,1,1.0,0.0,2,0,0,0
46507,224,4955,1111,0,3,3,362,10,2,3,2.0,2,8,0,0,2,12,10,2,2.0,2,8,0,0,2,12,10,2,3,2.0,2,8,0,0,2,12,2,3,1.0,2.0,2,8,0,2
46507,224,4955,1111,0,3,3,362,10,2,3,2.0,2,8,0,0,2,12,10,2,2.0,2,8,0,0,2,12,10,2,3,2.0,2,8,0,0,2,12,2,3,1.0,2.0,2,8,0,2
46507,224,4955,1111,0,3,3,362,10,2,3,2.0,2,8,0,0,2,12,10,2,2.0,2,8,0,0,2,12,10,2,3,2.0,2,8,0,0,2,12,2,3,1.0,2.0,2,8,0,2
191162,184,145,1111,0,2,2,362,25,9,5,4.0,2,1,7,0,8,36,25,9,4.0,2,1,7,0,8,25,22,1,4,4.0,1,0,0,0,8,36,9,5,1.0,4.0,2,1,0,8
191162,184,145,1111,0,2,2,362,25,9,5,4.0,2,1,7,0,8,36,25,9,4.0,2,1,7,0,8,25,22,1,4,4.0,1,0,0,0,8,36,9,5,1.0,4.0,2,1,0,8
174308,175,4760,1111,0,4,4,362,33,71,14,6.0,25,24,1,0,17,104,33,71,6.0,25,24,1,0,17,104,33,71,14,6.0,25,24,1,0,17,104,71,14,8.0,6.0,25,24,0,17
174308,175,4760,1111,0,4,4,362,33,71,14,6.0,25,24,1,0,17,104,33,71,6.0,25,24,1,0,17,104,33,71,14,6.0,25,24,1,0,17,104,71,14,8.0,6.0,25,24,0,17
174308,175,4760,1111,0,4,4,362,33,71,14,6.0,25,24,1,0,17,104,33,71,6.0,25,24,1,0,17,104,33,71,14,6.0,25,24,1,0,17,104,71,14,8.0,6.0,25,24,0,17
174308,175,4760,1111,0,4,4,362,33,71,14,6.0,25,24,1,0,17,104,33,71,6.0,25,24,1,0,17,104,33,71,14,6.0,25,24,1,0,17,104,71,14,8.0,6.0,25,24,0,17
134532,279,3323,1111,1,1,1,362,44,32,1,0.0,5,27,11,2,20,75,44,32,0.0,5,27,11,2,20,75,44,32,1,0.0,5,27,11,2,20,75,32,1,1.0,0.0,5,27,2,20
355159,279,3323,1111,0,1,1,362,44,32,1,0.0,5,27,11,2,20,75,44,32,0.0,5,27,11,2,20,75,44,32,1,0.0,5,27,11,2,20,75,32,1,1.0,0.0,5,27,2,20
62942,312,4129,1103,0,0,1,362,4,0,0,0.0,1,1,0,0,0,3,4,0,0.0,1,1,0,0,0,3,4,0,0,0.0,1,1,0,0,0,3,0,0,0.0,0.0,1,1,0,0
353962,184,145,1111,0,6,6,362,25,9,5,4.0,2,1,7,0,8,36,25,9,4.0,2,1,7,0,8,25,22,1,4,4.0,1,0,0,0,8,36,9,5,1.0,4.0,2,1,0,8
353962,184,145,1111,0,6,6,362,25,9,5,4.0,2,1,7,0,8,36,25,9,4.0,2,1,7,0,8,25,22,1,4,4.0,1,0,0,0,8,36,9,5,1.0,4.0,2,1,0,8
353962,184,145,1111,0,6,6,362,25,9,5,4.0,2,1,7,0,8,36,25,9,4.0,2,1,7,0,8,25,22,1,4,4.0,1,0,0,0,8,36,9,5,1.0,4.0,2,1,0,8
353962,184,145,1111,0,6,6,362,25,9,5,4.0,2,1,7,0,8,36,25,9,4.0,2,1,7,0,8,25,22,1,4,4.0,1,0,0,0,8,36,9,5,1.0,4.0,2,1,0,8
353962,184,145,1111,0,6,6,362,25,9,5,4.0,2,1,7,0,8,36,25,9,4.0,2,1,7,0,8,25,22,1,4,4.0,1,0,0,0,8,36,9,5,1.0,4.0,2,1,0,8
353962,184,145,1111,0,6,6,362,25,9,5,4.0,2,1,7,0,8,36,25,9,4.0,2,1,7,0,8,25,22,1,4,4.0,1,0,0,0,8,36,9,5,1.0,4.0,2,1,0,8
319670,175,4760,1111,0,3,3,362,33,71,14,6.0,25,24,1,0,17,104,33,71,6.0,25,24,1,0,17,104,33,71,14,6.0,25,24,1,0,17,104,71,14,8.0,6.0,25,24,0,17
319670,175,4760,1111,0,3,3,362,33,71,14,6.0,25,24,1,0,17,104,33,71,6.0,25,24,1,0,17,104,33,71,14,6.0,25,24,1,0,17,104,71,14,8.0,6.0,25,24,0,17
319670,175,4760,1111,0,3,3,362,33,71,14,6.0,25,24,1,0,17,104,33,71,6.0,25,24,1,0,17,104,33,71,14,6.0,25,24,1,0,17,104,71,14,8.0,6.0,25,24,0,17
210578,279,3323,1111,0,3,3,362,44,32,1,0.0,5,27,11,2,20,75,44,32,0.0,5,27,11,2,20,75,44,32,1,0.0,5,27,11,2,20,75,32,1,1.0,0.0,5,27,2,20
210578,279,3323,1111,0,3,3,362,44,32,1,0.0,5,27,11,2,20,75,44,32,0.0,5,27,11,2,20,75,44,32,1,0.0,5,27,11,2,20,75,32,1,1.0,0.0,5,27,2,20
210578,279,3323,1111,0,3,3,362,44,32,1,0.0,5,27,11,2,20,75,44,32,0.0,5,27,11,2,20,75,44,32,1,0.0,5,27,11,2,20,75,32,1,1.0,0.0,5,27,2,20
101110,281,246,1111,0,4,4,362,19,0,3,3.0,0,0,0,0,0,19,19,0,3.0,0,0,0,0,0,19,19,0,3,3.0,0,0,0,0,0,20,0,3,0.0,3.0,1,0,0,0
101110,281,246,1111,0,4,4,362,19,0,3,3.0,0,0,0,0,0,19,19,0,3.0,0,0,0,0,0,19,19,0,3,3.0,0,0,0,0,0,20,0,3,0.0,3.0,1,0,0,0
101110,281,246,1111,0,4,4,362,19,0,3,3.0,0,0,0,0,0,19,19,0,3.0,0,0,0,0,0,19,19,0,3,3.0,0,0,0,0,0,20,0,3,0.0,3.0,1,0,0,0
101110,281,246,1111,0,4,4,362,19,0,3,3.0,0,0,0,0,0,19,19,0,3.0,0,0,0,0,0,19,19,0,3,3.0,0,0,0,0,0,20,0,3,0.0,3.0,1,0,0,0
149798,224,4955,1108,0,0,1,362,10,2,3,2.0,2,8,0,0,2,12,10,2,2.0,2,8,0,0,2,12,10,2,3,2.0,2,8,0,0,2,12,2,3,1.0,2.0,2,8,0,2
6018,184,145,1111,0,2,2,362,25,9,5,4.0,2,1,7,0,8,36,25,9,4.0,2,1,7,0,8,25,22,1,4,4.0,1,0,0,0,8,36,9,5,1.0,4.0,2,1,0,8
6018,184,145,1111,0,2,2,362,25,9,5,4.0,2,1,7,0,8,36,25,9,4.0,2,1,7,0,8,25,22,1,4,4.0,1,0,0,0,8,36,9,5,1.0,4.0,2,1,0,8
281262,279,3323,1109,0,0,1,362,44,32,1,0.0,5,27,11,2,20,75,44,32,0.0,5,27,11,2,20,75,44,32,1,0.0,5,27,11,2,20,75,32,1,1.0,0.0,5,27,2,20
314519,219,1943,1111,0,1,1,362,8,13,5,2.0,7,6,0,0,2,21,8,13,2.0,7,6,0,0,2,21,8,13,5,2.0,7,6,0,0,2,21,13,5,3.0,2.0,7,6,0,2
205257,279,3323,1111,0,1,1,362,44,32,1,0.0,5,27,11,2,20,75,44,32,0.0,5,27,11,2,20,75,44,32,1,0.0,5,27,11,2,20,75,32,1,1.0,0.0,5,27,2,20
117839,279,3323,1111,0,1,1,362,44,32,1,0.0,5,27,11,2,20,75,44,32,0.0,5,27,11,2,20,75,44,32,1,0.0,5,27,11,2,20,75,32,1,1.0,0.0,5,27,2,20
46699,175,4760,1111,0,1,13,362,33,71,14,6.0,25,24,1,0,17,104,33,71,6.0,25,24,1,0,17,104,33,71,14,6.0,25,24,1,0,17,104,71,14,8.0,6.0,25,24,0,17
46699,175,4760,1110,0,1,13,362,33,71,14,6.0,25,24,1,0,17,104,33,71,6.0,25,24,1,0,17,104,33,71,14,6.0,25,24,1,0,17,104,71,14,8.0,6.0,25,24,0,17
46699,175,4760,1109,0,1,13,362,33,71,14,6.0,25,24,1,0,17,104,33,71,6.0,25,24,1,0,17,104,33,71,14,6.0,25,24,1,0,17,104,71,14,8.0,6.0,25,24,0,17
46699,175,4760,1110,0,1,13,362,33,71,14,6.0,25,24,1,0,17,104,33,71,6.0,25,24,1,0,17,104,33,71,14,6.0,25,24,1,0,17,104,71,14,8.0,6.0,25,24,0,17
46699,175,4760,1109,0,1,13,362,33,71,14,6.0,25,24,1,0,17,104,33,71,6.0,25,24,1,0,17,104,33,71,14,6.0,25,24,1,0,17,104,71,14,8.0,6.0,25,24,0,17
46699,175,4760,1110,0,1,13,362,33,71,14,6.0,25,24,1,0,17,104,33,71,6.0,25,24,1,0,17,104,33,71,14,6.0,25,24,1,0,17,104,71,14,8.0,6.0,25,24,0,17
46699,175,4760,1110,0,1,13,362,33,71,14,6.0,25,24,1,0,17,104,33,71,6.0,25,24,1,0,17,104,33,71,14,6.0,25,24,1,0,17,104,71,14,8.0,6.0,25,24,0,17
46699,175,4760,1110,0,1,13,362,33,71,14,6.0,25,24,1,0,17,104,33,71,6.0,25,24,1,0,17,104,33,71,14,6.0,25,24,1,0,17,104,71,14,8.0,6.0,25,24,0,17
46699,175,4760,1110,0,1,13,362,33,71,14,6.0,25,24,1,0,17,104,33,71,6.0,25,24,1,0,17,104,33,71,14,6.0,25,24,1,0,17,104,71,14,8.0,6.0,25,24,0,17
46699,175,4760,1106,0,1,13,362,33,71,14,6.0,25,24,1,0,17,104,33,71,6.0,25,24,1,0,17,104,33,71,14,6.0,25,24,1,0,17,104,71,14,8.0,6.0,25,24,0,17
46699,175,4760,1106,0,1,13,362,33,71,14,6.0,25,24,1,0,17,104,33,71,6.0,25,24,1,0,17,104,33,71,14,6.0,25,24,1,0,17,104,71,14,8.0,6.0,25,24,0,17
46699,175,4760,1110,0,1,13,362,33,71,14,6.0,25,24,1,0,17,104,33,71,6.0,25,24,1,0,17,104,33,71,14,6.0,25,24,1,0,17,104,71,14,8.0,6.0,25,24,0,17
46699,175,4760,1110,0,1,13,362,33,71,14,6.0,25,24,1,0,17,104,33,71,6.0,25,24,1,0,17,104,33,71,14,6.0,25,24,1,0,17,104,71,14,8.0,6.0,25,24,0,17
238412,253,3263,1111,0,4,4,362,18,0,1,1.0,10,0,0,0,2,18,18,0,1.0,10,0,0,0,2,18,18,0,1,1.0,10,0,0,0,2,18,0,1,0.0,1.0,10,0,0,2
238412,253,3263,1111,0,4,4,362,18,0,1,1.0,10,0,0,0,2,18,18,0,1.0,10,0,0,0,2,18,18,0,1,1.0,10,0,0,0,2,18,0,1,0.0,1.0,10,0,0,2
238412,253,3263,1111,0,4,4,362,18,0,1,1.0,10,0,0,0,2,18,18,0,1.0,10,0,0,0,2,18,18,0,1,1.0,10,0,0,0,2,18,0,1,0.0,1.0,10,0,0,2
238412,253,3263,1111,0,4,4,362,18,0,1,1.0,10,0,0,0,2,18,18,0,1.0,10,0,0,0,2,18,18,0,1,1.0,10,0,0,0,2,18,0,1,0.0,1.0,10,0,0,2
156961,279,3323,1111,0,1,1,362,44,32,1,0.0,5,27,11,2,20,75,44,32,0.0,5,27,11,2,20,75,44,32,1,0.0,5,27,11,2,20,75,32,1,1.0,0.0,5,27,2,20
45576,279,3323,1111,0,6,6,362,44,32,1,0.0,5,27,11,2,20,75,44,32,0.0,5,27,11,2,20,75,44,32,1,0.0,5,27,11,2,20,75,32,1,1.0,0.0,5,27,2,20
45576,279,3323,1111,0,6,6,362,44,32,1,0.0,5,27,11,2,20,75,44,32,0.0,5,27,11,2,20,75,44,32,1,0.0,5,27,11,2,20,75,32,1,1.0,0.0,5,27,2,20
45576,279,3323,1111,0,6,6,362,44,32,1,0.0,5,27,11,2,20,75,44,32,0.0,5,27,11,2,20,75,44,32,1,0.0,5,27,11,2,20,75,32,1,1.0,0.0,5,27,2,20
45576,279,3323,1111,0,6,6,362,44,32,1,0.0,5,27,11,2,20,75,44,32,0.0,5,27,11,2,20,75,44,32,1,0.0,5,27,11,2,20,75,32,1,1.0,0.0,5,27,2,20
45576,279,3323,1111,0,6,6,362,44,32,1,0.0,5,27,11,2,20,75,44,32,0.0,5,27,11,2,20,75,44,32,1,0.0,5,27,11,2,20,75,32,1,1.0,0.0,5,27,2,20
45576,279,3323,1111,0,6,6,362,44,32,1,0.0,5,27,11,2,20,75,44,32,0.0,5,27,11,2,20,75,44,32,1,0.0,5,27,11,2,20,75,32,1,1.0,0.0,5,27,2,20
214766,253,3263,1110,0,0,2,362,18,0,1,1.0,10,0,0,0,2,18,18,0,1.0,10,0,0,0,2,18,18,0,1,1.0,10,0,0,0,2,18,0,1,0.0,1.0,10,0,0,2
214766,253,3263,1110,0,0,2,362,18,0,1,1.0,10,0,0,0,2,18,18,0,1.0,10,0,0,0,2,18,18,0,1,1.0,10,0,0,0,2,18,0,1,0.0,1.0,10,0,0,2
5524,224,4955,1111,1,1,1,362,10,2,3,2.0,2,8,0,0,2,12,10,2,2.0,2,8,0,0,2,12,10,2,3,2.0,2,8,0,0,2,12,2,3,1.0,2.0,2,8,0,2
218669,279,3323,1111,0,1,1,362,44,32,1,0.0,5,27,11,2,20,75,44,32,0.0,5,27,11,2,20,75,44,32,1,0.0,5,27,11,2,20,75,32,1,1.0,0.0,5,27,2,20
272518,224,4955,1111,0,1,1,362,10,2,3,2.0,2,8,0,0,2,12,10,2,2.0,2,8,0,0,2,12,10,2,3,2.0,2,8,0,0,2,12,2,3,1.0,2.0,2,8,0,2
277770,279,3323,1111,0,1,1,362,44,32,1,0.0,5,27,11,2,20,75,44,32,0.0,5,27,11,2,20,75,44,32,1,0.0,5,27,11,2,20,75,32,1,1.0,0.0,5,27,2,20
386295,279,3323,1111,0,1,1,362,44,32,1,0.0,5,27,11,2,20,75,44,32,0.0,5,27,11,2,20,75,44,32,1,0.0,5,27,11,2,20,75,32,1,1.0,0.0,5,27,2,20
402251,175,4760,1103,0,0,4,362,33,71,14,6.0,25,24,1,0,17,104,33,71,6.0,25,24,1,0,17,104,33,71,14,6.0,25,24,1,0,17,104,71,14,8.0,6.0,25,24,0,17
402251,175,4760,1103,0,0,4,362,33,71,14,6.0,25,24,1,0,17,104,33,71,6.0,25,24,1,0,17,104,33,71,14,6.0,25,24,1,0,17,104,71,14,8.0,6.0,25,24,0,17
402251,175,4760,1109,0,0,4,362,33,71,14,6.0,25,24,1,0,17,104,33,71,6.0,25,24,1,0,17,104,33,71,14,6.0,25,24,1,0,17,104,71,14,8.0,6.0,25,24,0,17
402251,175,4760,1109,0,0,4,362,33,71,14,6.0,25,24,1,0,17,104,33,71,6.0,25,24,1,0,17,104,33,71,14,6.0,25,24,1,0,17,104,71,14,8.0,6.0,25,24,0,17
254609,279,3323,1110,0,2,4,362,44,32,1,0.0,5,27,11,2,20,75,44,32,0.0,5,27,11,2,20,75,44,32,1,0.0,5,27,11,2,20,75,32,1,1.0,0.0,5,27,2,20
254609,279,3323,1110,0,2,4,362,44,32,1,0.0,5,27,11,2,20,75,44,32,0.0,5,27,11,2,20,75,44,32,1,0.0,5,27,11,2,20,75,32,1,1.0,0.0,5,27,2,20
254609,279,3323,1111,0,2,4,362,44,32,1,0.0,5,27,11,2,20,75,44,32,0.0,5,27,11,2,20,75,44,32,1,0.0,5,27,11,2,20,75,32,1,1.0,0.0,5,27,2,20
254609,279,3323,1111,0,2,4,362,44,32,1,0.0,5,27,11,2,20,75,44,32,0.0,5,27,11,2,20,75,44,32,1,0.0,5,27,11,2,20,75,32,1,1.0,0.0,5,27,2,20
84043,175,4760,1111,0,1,1,362,33,71,14,6.0,25,24,1,0,17,104,33,71,6.0,25,24,1,0,17,104,33,71,14,6.0,25,24,1,0,17,104,71,14,8.0,6.0,25,24,0,17
120820,175,4760,1111,0,1,1,362,33,71,14,6.0,25,24,1,0,17,104,33,71,6.0,25,24,1,0,17,104,33,71,14,6.0,25,24,1,0,17,104,71,14,8.0,6.0,25,24,0,17
291453,274,3593,1111,0,1,1,362,1,0,0,0.0,0,0,0,0,0,1,1,0,0.0,0,0,0,0,0,1,1,0,0,0.0,0,0,0,0,0,1,0,0,0.0,0.0,0,0,0,0
280293,184,145,1111,0,1,1,362,25,9,5,4.0,2,1,7,0,8,36,25,9,4.0,2,1,7,0,8,25,22,1,4,4.0,1,0,0,0,8,36,9,5,1.0,4.0,2,1,0,8
291386,279,3323,1110,0,0,1,362,44,32,1,0.0,5,27,11,2,20,75,44,32,0.0,5,27,11,2,20,75,44,32,1,0.0,5,27,11,2,20,75,32,1,1.0,0.0,5,27,2,20
313634,226,1784,1111,0,4,4,362,4,0,1,1.0,0,0,4,0,0,4,4,0,1.0,0,0,4,0,0,4,4,0,1,1.0,0,0,4,0,0,4,0,1,0.0,1.0,0,0,0,0
313634,226,1784,1111,0,4,4,362,4,0,1,1.0,0,0,4,0,0,4,4,0,1.0,0,0,4,0,0,4,4,0,1,1.0,0,0,4,0,0,4,0,1,0.0,1.0,0,0,0,0
313634,226,1784,1111,0,4,4,362,4,0,1,1.0,0,0,4,0,0,4,4,0,1.0,0,0,4,0,0,4,4,0,1,1.0,0,0,4,0,0,4,0,1,0.0,1.0,0,0,0,0
313634,226,1784,1111,0,4,4,362,4,0,1,1.0,0,0,4,0,0,4,4,0,1.0,0,0,4,0,0,4,4,0,1,1.0,0,0,4,0,0,4,0,1,0.0,1.0,0,0,0,0
60260,279,3323,1111,0,1,1,362,44,32,1,0.0,5,27,11,2,20,75,44,32,0.0,5,27,11,2,20,75,44,32,1,0.0,5,27,11,2,20,75,32,1,1.0,0.0,5,27,2,20
112997,253,3263,1110,0,0,2,362,18,0,1,1.0,10,0,0,0,2,18,18,0,1.0,10,0,0,0,2,18,18,0,1,1.0,10,0,0,0,2,18,0,1,0.0,1.0,10,0,0,2
112997,253,3263,1110,0,0,2,362,18,0,1,1.0,10,0,0,0,2,18,18,0,1.0,10,0,0,0,2,18,18,0,1,1.0,10,0,0,0,2,18,0,1,0.0,1.0,10,0,0,2
305925,184,145,1111,0,2,2,362,25,9,5,4.0,2,1,7,0,8,36,25,9,4.0,2,1,7,0,8,25,22,1,4,4.0,1,0,0,0,8,36,9,5,1.0,4.0,2,1,0,8
305925,184,145,1111,0,2,2,362,25,9,5,4.0,2,1,7,0,8,36,25,9,4.0,2,1,7,0,8,25,22,1,4,4.0,1,0,0,0,8,36,9,5,1.0,4.0,2,1,0,8
199429,209,3766,1110,0,0,1,362,3,0,0,0.0,0,0,0,0,2,3,3,0,0.0,0,0,0,0,2,3,3,0,0,0.0,0,0,0,0,2,3,0,0,0.0,0.0,0,0,0,2
185381,279,3323,1111,0,1,1,362,44,32,1,0.0,5,27,11,2,20,75,44,32,0.0,5,27,11,2,20,75,44,32,1,0.0,5,27,11,2,20,75,32,1,1.0,0.0,5,27,2,20
144281,175,4760,1111,0,2,2,362,33,71,14,6.0,25,24,1,0,17,104,33,71,6.0,25,24,1,0,17,104,33,71,14,6.0,25,24,1,0,17,104,71,14,8.0,6.0,25,24,0,17
144281,175,4760,1111,0,2,2,362,33,71,14,6.0,25,24,1,0,17,104,33,71,6.0,25,24,1,0,17,104,33,71,14,6.0,25,24,1,0,17,104,71,14,8.0,6.0,25,24,0,17
33618,319,1536,1111,0,1,1,362,1,0,0,0.0,0,1,0,0,0,1,1,0,0.0,0,1,0,0,0,1,1,0,0,0.0,0,1,0,0,0,1,0,0,0.0,0.0,0,1,0,0
276857,279,3323,1111,0,3,3,362,44,32,1,0.0,5,27,11,2,20,75,44,32,0.0,5,27,11,2,20,75,44,32,1,0.0,5,27,11,2,20,75,32,1,1.0,0.0,5,27,2,20
276857,279,3323,1111,0,3,3,362,44,32,1,0.0,5,27,11,2,20,75,44,32,0.0,5,27,11,2,20,75,44,32,1,0.0,5,27,11,2,20,75,32,1,1.0,0.0,5,27,2,20
276857,279,3323,1111,0,3,3,362,44,32,1,0.0,5,27,11,2,20,75,44,32,0.0,5,27,11,2,20,75,44,32,1,0.0,5,27,11,2,20,75,32,1,1.0,0.0,5,27,2,20
130186,279,3323,1111,1,1,4,362,44,32,1,0.0,5,27,11,2,20,75,44,32,0.0,5,27,11,2,20,75,44,32,1,0.0,5,27,11,2,20,75,32,1,1.0,0.0,5,27,2,20
130186,279,3323,1110,1,1,4,362,44,32,1,0.0,5,27,11,2,20,75,44,32,0.0,5,27,11,2,20,75,44,32,1,0.0,5,27,11,2,20,75,32,1,1.0,0.0,5,27,2,20
130186,279,3323,1110,1,1,4,362,44,32,1,0.0,5,27,11,2,20,75,44,32,0.0,5,27,11,2,20,75,44,32,1,0.0,5,27,11,2,20,75,32,1,1.0,0.0,5,27,2,20
130186,279,3323,1110,1,1,4,362,44,32,1,0.0,5,27,11,2,20,75,44,32,0.0,5,27,11,2,20,75,44,32,1,0.0,5,27,11,2,20,75,32,1,1.0,0.0,5,27,2,20
376338,175,4760,1111,0,4,4,362,33,71,14,6.0,25,24,1,0,17,104,33,71,6.0,25,24,1,0,17,104,33,71,14,6.0,25,24,1,0,17,104,71,14,8.0,6.0,25,24,0,17
376338,175,4760,1111,0,4,4,362,33,71,14,6.0,25,24,1,0,17,104,33,71,6.0,25,24,1,0,17,104,33,71,14,6.0,25,24,1,0,17,104,71,14,8.0,6.0,25,24,0,17
376338,175,4760,1111,0,4,4,362,33,71,14,6.0,25,24,1,0,17,104,33,71,6.0,25,24,1,0,17,104,33,71,14,6.0,25,24,1,0,17,104,71,14,8.0,6.0,25,24,0,17
376338,175,4760,1111,0,4,4,362,33,71,14,6.0,25,24,1,0,17,104,33,71,6.0,25,24,1,0,17,104,33,71,14,6.0,25,24,1,0,17,104,71,14,8.0,6.0,25,24,0,17
867,175,4760,1111,0,1,1,362,33,71,14,6.0,25,24,1,0,17,104,33,71,6.0,25,24,1,0,17,104,33,71,14,6.0,25,24,1,0,17,104,71,14,8.0,6.0,25,24,0,17
338395,175,4760,1111,0,1,2,362,33,71,14,6.0,25,24,1,0,17,104,33,71,6.0,25,24,1,0,17,104,33,71,14,6.0,25,24,1,0,17,104,71,14,8.0,6.0,25,24,0,17
338395,175,4760,1108,0,1,2,362,33,71,14,6.0,25,24,1,0,17,104,33,71,6.0,25,24,1,0,17,104,33,71,14,6.0,25,24,1,0,17,104,71,14,8.0,6.0,25,24,0,17
335587,219,1943,1111,0,6,6,362,8,13,5,2.0,7,6,0,0,2,21,8,13,2.0,7,6,0,0,2,21,8,13,5,2.0,7,6,0,0,2,21,13,5,3.0,2.0,7,6,0,2
335587,219,1943,1111,0,6,6,362,8,13,5,2.0,7,6,0,0,2,21,8,13,2.0,7,6,0,0,2,21,8,13,5,2.0,7,6,0,0,2,21,13,5,3.0,2.0,7,6,0,2
335587,219,1943,1111,0,6,6,362,8,13,5,2.0,7,6,0,0,2,21,8,13,2.0,7,6,0,0,2,21,8,13,5,2.0,7,6,0,0,2,21,13,5,3.0,2.0,7,6,0,2
335587,219,1943,1111,0,6,6,362,8,13,5,2.0,7,6,0,0,2,21,8,13,2.0,7,6,0,0,2,21,8,13,5,2.0,7,6,0,0,2,21,13,5,3.0,2.0,7,6,0,2
335587,219,1943,1111,0,6,6,362,8,13,5,2.0,7,6,0,0,2,21,8,13,2.0,7,6,0,0,2,21,8,13,5,2.0,7,6,0,0,2,21,13,5,3.0,2.0,7,6,0,2
335587,219,1943,1111,0,6,6,362,8,13,5,2.0,7,6,0,0,2,21,8,13,2.0,7,6,0,0,2,21,8,13,5,2.0,7,6,0,0,2,21,13,5,3.0,2.0,7,6,0,2
409283,279,3323,1111,0,1,1,362,44,32,1,0.0,5,27,11,2,20,75,44,32,0.0,5,27,11,2,20,75,44,32,1,0.0,5,27,11,2,20,75,32,1,1.0,0.0,5,27,2,20
88275,170,3828,528,1,0,0,8,2,0,0,0.0,0,0,0,0,1,1,2,0,0.0,0,0,0,0,1,1,2,0,0,0.0,0,0,0,0,1,1,0,0,0.0,0.0,0,0,0,1
165355,279,3323,1111,0,2,5,362,44,32,1,0.0,5,27,11,2,20,75,44,32,0.0,5,27,11,2,20,75,44,32,1,0.0,5,27,11,2,20,75,32,1,1.0,0.0,5,27,2,20
165355,279,3323,1111,0,2,5,362,44,32,1,0.0,5,27,11,2,20,75,44,32,0.0,5,27,11,2,20,75,44,32,1,0.0,5,27,11,2,20,75,32,1,1.0,0.0,5,27,2,20
165355,279,3323,1108,0,2,5,362,44,32,1,0.0,5,27,11,2,20,75,44,32,0.0,5,27,11,2,20,75,44,32,1,0.0,5,27,11,2,20,75,32,1,1.0,0.0,5,27,2,20
165355,279,3323,1108,0,2,5,362,44,32,1,0.0,5,27,11,2,20,75,44,32,0.0,5,27,11,2,20,75,44,32,1,0.0,5,27,11,2,20,75,32,1,1.0,0.0,5,27,2,20
165355,279,3323,1109,0,2,5,362,44,32,1,0.0,5,27,11,2,20,75,44,32,0.0,5,27,11,2,20,75,44,32,1,0.0,5,27,11,2,20,75,32,1,1.0,0.0,5,27,2,20
55784,281,246,1111,1,1,1,362,19,0,3,3.0,0,0,0,0,0,19,19,0,3.0,0,0,0,0,0,19,19,0,3,3.0,0,0,0,0,0,20,0,3,0.0,3.0,1,0,0,0
327782,211,2277,1105,0,1,8,362,11,19,2,0.0,16,8,0,0,2,30,11,19,0.0,16,8,0,0,2,30,11,19,2,0.0,16,8,0,0,2,30,19,2,2.0,0.0,16,8,0,2
327782,211,2277,1105,0,1,8,362,11,19,2,0.0,16,8,0,0,2,30,11,19,0.0,16,8,0,0,2,30,11,19,2,0.0,16,8,0,0,2,30,19,2,2.0,0.0,16,8,0,2
327782,211,2277,1110,0,1,8,362,11,19,2,0.0,16,8,0,0,2,30,11,19,0.0,16,8,0,0,2,30,11,19,2,0.0,16,8,0,0,2,30,19,2,2.0,0.0,16,8,0,2
327782,211,2277,1110,0,1,8,362,11,19,2,0.0,16,8,0,0,2,30,11,19,0.0,16,8,0,0,2,30,11,19,2,0.0,16,8,0,0,2,30,19,2,2.0,0.0,16,8,0,2
327782,211,2277,1110,0,1,8,362,11,19,2,0.0,16,8,0,0,2,30,11,19,0.0,16,8,0,0,2,30,11,19,2,0.0,16,8,0,0,2,30,19,2,2.0,0.0,16,8,0,2
327782,211,2277,1110,0,1,8,362,11,19,2,0.0,16,8,0,0,2,30,11,19,0.0,16,8,0,0,2,30,11,19,2,0.0,16,8,0,0,2,30,19,2,2.0,0.0,16,8,0,2
327782,211,2277,1108,0,1,8,362,11,19,2,0.0,16,8,0,0,2,30,11,19,0.0,16,8,0,0,2,30,11,19,2,0.0,16,8,0,0,2,30,19,2,2.0,0.0,16,8,0,2
327782,211,2277,1111,0,1,8,362,11,19,2,0.0,16,8,0,0,2,30,11,19,0.0,16,8,0,0,2,30,11,19,2,0.0,16,8,0,0,2,30,19,2,2.0,0.0,16,8,0,2
264657,184,145,1111,0,6,6,362,25,9,5,4.0,2,1,7,0,8,36,25,9,4.0,2,1,7,0,8,25,22,1,4,4.0,1,0,0,0,8,36,9,5,1.0,4.0,2,1,0,8
264657,184,145,1111,0,6,6,362,25,9,5,4.0,2,1,7,0,8,36,25,9,4.0,2,1,7,0,8,25,22,1,4,4.0,1,0,0,0,8,36,9,5,1.0,4.0,2,1,0,8
264657,184,145,1111,0,6,6,362,25,9,5,4.0,2,1,7,0,8,36,25,9,4.0,2,1,7,0,8,25,22,1,4,4.0,1,0,0,0,8,36,9,5,1.0,4.0,2,1,0,8
264657,184,145,1111,0,6,6,362,25,9,5,4.0,2,1,7,0,8,36,25,9,4.0,2,1,7,0,8,25,22,1,4,4.0,1,0,0,0,8,36,9,5,1.0,4.0,2,1,0,8
264657,184,145,1111,0,6,6,362,25,9,5,4.0,2,1,7,0,8,36,25,9,4.0,2,1,7,0,8,25,22,1,4,4.0,1,0,0,0,8,36,9,5,1.0,4.0,2,1,0,8
264657,184,145,1111,0,6,6,362,25,9,5,4.0,2,1,7,0,8,36,25,9,4.0,2,1,7,0,8,25,22,1,4,4.0,1,0,0,0,8,36,9,5,1.0,4.0,2,1,0,8
52751,175,4760,1111,0,2,2,362,33,71,14,6.0,25,24,1,0,17,104,33,71,6.0,25,24,1,0,17,104,33,71,14,6.0,25,24,1,0,17,104,71,14,8.0,6.0,25,24,0,17
52751,175,4760,1111,0,2,2,362,33,71,14,6.0,25,24,1,0,17,104,33,71,6.0,25,24,1,0,17,104,33,71,14,6.0,25,24,1,0,17,104,71,14,8.0,6.0,25,24,0,17
33745,175,4760,1111,0,4,4,362,33,71,14,6.0,25,24,1,0,17,104,33,71,6.0,25,24,1,0,17,104,33,71,14,6.0,25,24,1,0,17,104,71,14,8.0,6.0,25,24,0,17
33745,175,4760,1111,0,4,4,362,33,71,14,6.0,25,24,1,0,17,104,33,71,6.0,25,24,1,0,17,104,33,71,14,6.0,25,24,1,0,17,104,71,14,8.0,6.0,25,24,0,17
33745,175,4760,1111,0,4,4,362,33,71,14,6.0,25,24,1,0,17,104,33,71,6.0,25,24,1,0,17,104,33,71,14,6.0,25,24,1,0,17,104,71,14,8.0,6.0,25,24,0,17
33745,175,4760,1111,0,4,4,362,33,71,14,6.0,25,24,1,0,17,104,33,71,6.0,25,24,1,0,17,104,33,71,14,6.0,25,24,1,0,17,104,71,14,8.0,6.0,25,24,0,17
103980,277,4282,804,0,0,0,5,1,5,0,0.0,0,5,0,0,0,5,0,5,0.0,0,4,0,0,0,5,1,5,0,0.0,0,5,0,0,0,5,5,0,0.0,0.0,0,5,0,0
316235,211,2277,1111,0,7,10,362,11,19,2,0.0,16,8,0,0,2,30,11,19,0.0,16,8,0,0,2,30,11,19,2,0.0,16,8,0,0,2,30,19,2,2.0,0.0,16,8,0,2
316235,211,2277,1111,0,7,10,362,11,19,2,0.0,16,8,0,0,2,30,11,19,0.0,16,8,0,0,2,30,11,19,2,0.0,16,8,0,0,2,30,19,2,2.0,0.0,16,8,0,2
316235,211,2277,1111,0,7,10,362,11,19,2,0.0,16,8,0,0,2,30,11,19,0.0,16,8,0,0,2,30,11,19,2,0.0,16,8,0,0,2,30,19,2,2.0,0.0,16,8,0,2
316235,211,2277,1111,0,7,10,362,11,19,2,0.0,16,8,0,0,2,30,11,19,0.0,16,8,0,0,2,30,11,19,2,0.0,16,8,0,0,2,30,19,2,2.0,0.0,16,8,0,2
316235,211,2277,1111,0,7,10,362,11,19,2,0.0,16,8,0,0,2,30,11,19,0.0,16,8,0,0,2,30,11,19,2,0.0,16,8,0,0,2,30,19,2,2.0,0.0,16,8,0,2
316235,211,2277,1111,0,7,10,362,11,19,2,0.0,16,8,0,0,2,30,11,19,0.0,16,8,0,0,2,30,11,19,2,0.0,16,8,0,0,2,30,19,2,2.0,0.0,16,8,0,2
316235,211,2277,1111,0,7,10,362,11,19,2,0.0,16,8,0,0,2,30,11,19,0.0,16,8,0,0,2,30,11,19,2,0.0,16,8,0,0,2,30,19,2,2.0,0.0,16,8,0,2
316235,211,2277,1110,0,7,10,362,11,19,2,0.0,16,8,0,0,2,30,11,19,0.0,16,8,0,0,2,30,11,19,2,0.0,16,8,0,0,2,30,19,2,2.0,0.0,16,8,0,2
316235,211,2277,1110,0,7,10,362,11,19,2,0.0,16,8,0,0,2,30,11,19,0.0,16,8,0,0,2,30,11,19,2,0.0,16,8,0,0,2,30,19,2,2.0,0.0,16,8,0,2
316235,211,2277,1110,0,7,10,362,11,19,2,0.0,16,8,0,0,2,30,11,19,0.0,16,8,0,0,2,30,11,19,2,0.0,16,8,0,0,2,30,19,2,2.0,0.0,16,8,0,2
380439,175,4760,1110,0,1,2,362,33,71,14,6.0,25,24,1,0,17,104,33,71,6.0,25,24,1,0,17,104,33,71,14,6.0,25,24,1,0,17,104,71,14,8.0,6.0,25,24,0,17
380439,175,4760,1111,0,1,2,362,33,71,14,6.0,25,24,1,0,17,104,33,71,6.0,25,24,1,0,17,104,33,71,14,6.0,25,24,1,0,17,104,71,14,8.0,6.0,25,24,0,17
86171,175,4760,1106,0,0,1,362,33,71,14,6.0,25,24,1,0,17,104,33,71,6.0,25,24,1,0,17,104,33,71,14,6.0,25,24,1,0,17,104,71,14,8.0,6.0,25,24,0,17
408759,175,4760,1111,0,2,2,362,33,71,14,6.0,25,24,1,0,17,104,33,71,6.0,25,24,1,0,17,104,33,71,14,6.0,25,24,1,0,17,104,71,14,8.0,6.0,25,24,0,17
408759,175,4760,1111,0,2,2,362,33,71,14,6.0,25,24,1,0,17,104,33,71,6.0,25,24,1,0,17,104,33,71,14,6.0,25,24,1,0,17,104,71,14,8.0,6.0,25,24,0,17
38606,175,4760,1111,0,2,2,362,33,71,14,6.0,25,24,1,0,17,104,33,71,6.0,25,24,1,0,17,104,33,71,14,6.0,25,24,1,0,17,104,71,14,8.0,6.0,25,24,0,17
38606,175,4760,1111,0,2,2,362,33,71,14,6.0,25,24,1,0,17,104,33,71,6.0,25,24,1,0,17,104,33,71,14,6.0,25,24,1,0,17,104,71,14,8.0,6.0,25,24,0,17
108672,175,4760,1111,0,1,1,362,33,71,14,6.0,25,24,1,0,17,104,33,71,6.0,25,24,1,0,17,104,33,71,14,6.0,25,24,1,0,17,104,71,14,8.0,6.0,25,24,0,17
35848,224,4955,1109,0,0,1,362,10,2,3,2.0,2,8,0,0,2,12,10,2,2.0,2,8,0,0,2,12,10,2,3,2.0,2,8,0,0,2,12,2,3,1.0,2.0,2,8,0,2
275260,175,4760,1111,0,6,6,362,33,71,14,6.0,25,24,1,0,17,104,33,71,6.0,25,24,1,0,17,104,33,71,14,6.0,25,24,1,0,17,104,71,14,8.0,6.0,25,24,0,17
275260,175,4760,1111,0,6,6,362,33,71,14,6.0,25,24,1,0,17,104,33,71,6.0,25,24,1,0,17,104,33,71,14,6.0,25,24,1,0,17,104,71,14,8.0,6.0,25,24,0,17
275260,175,4760,1111,0,6,6,362,33,71,14,6.0,25,24,1,0,17,104,33,71,6.0,25,24,1,0,17,104,33,71,14,6.0,25,24,1,0,17,104,71,14,8.0,6.0,25,24,0,17
275260,175,4760,1111,0,6,6,362,33,71,14,6.0,25,24,1,0,17,104,33,71,6.0,25,24,1,0,17,104,33,71,14,6.0,25,24,1,0,17,104,71,14,8.0,6.0,25,24,0,17
275260,175,4760,1111,0,6,6,362,33,71,14,6.0,25,24,1,0,17,104,33,71,6.0,25,24,1,0,17,104,33,71,14,6.0,25,24,1,0,17,104,71,14,8.0,6.0,25,24,0,17
275260,175,4760,1111,0,6,6,362,33,71,14,6.0,25,24,1,0,17,104,33,71,6.0,25,24,1,0,17,104,33,71,14,6.0,25,24,1,0,17,104,71,14,8.0,6.0,25,24,0,17
178063,175,4760,1109,0,0,1,362,33,71,14,6.0,25,24,1,0,17,104,33,71,6.0,25,24,1,0,17,104,33,71,14,6.0,25,24,1,0,17,104,71,14,8.0,6.0,25,24,0,17
419820,285,630,1110,0,0,1,362,1,0,0,0.0,0,0,1,0,0,1,1,0,0.0,0,0,1,0,0,1,1,0,0,0.0,0,0,1,0,0,1,0,0,0.0,0.0,0,0,0,0
53531,279,3323,1111,0,1,1,362,44,32,1,0.0,5,27,11,2,20,75,44,32,0.0,5,27,11,2,20,75,44,32,1,0.0,5,27,11,2,20,75,32,1,1.0,0.0,5,27,2,20
51728,291,314,1111,0,6,6,362,6,0,1,1.0,0,0,0,0,0,6,6,0,1.0,0,0,0,0,0,6,6,0,1,1.0,0,0,0,0,0,6,0,1,0.0,1.0,0,0,0,0
51728,291,314,1111,0,6,6,362,6,0,1,1.0,0,0,0,0,0,6,6,0,1.0,0,0,0,0,0,6,6,0,1,1.0,0,0,0,0,0,6,0,1,0.0,1.0,0,0,0,0
51728,291,314,1111,0,6,6,362,6,0,1,1.0,0,0,0,0,0,6,6,0,1.0,0,0,0,0,0,6,6,0,1,1.0,0,0,0,0,0,6,0,1,0.0,1.0,0,0,0,0
51728,291,314,1111,0,6,6,362,6,0,1,1.0,0,0,0,0,0,6,6,0,1.0,0,0,0,0,0,6,6,0,1,1.0,0,0,0,0,0,6,0,1,0.0,1.0,0,0,0,0
51728,291,314,1111,0,6,6,362,6,0,1,1.0,0,0,0,0,0,6,6,0,1.0,0,0,0,0,0,6,6,0,1,1.0,0,0,0,0,0,6,0,1,0.0,1.0,0,0,0,0
51728,291,314,1111,0,6,6,362,6,0,1,1.0,0,0,0,0,0,6,6,0,1.0,0,0,0,0,0,6,6,0,1,1.0,0,0,0,0,0,6,0,1,0.0,1.0,0,0,0,0
177770,279,3323,1110,1,1,4,362,44,32,1,0.0,5,27,11,2,20,75,44,32,0.0,5,27,11,2,20,75,44,32,1,0.0,5,27,11,2,20,75,32,1,1.0,0.0,5,27,2,20
177770,279,3323,1110,1,1,4,362,44,32,1,0.0,5,27,11,2,20,75,44,32,0.0,5,27,11,2,20,75,44,32,1,0.0,5,27,11,2,20,75,32,1,1.0,0.0,5,27,2,20
177770,279,3323,1111,1,1,4,362,44,32,1,0.0,5,27,11,2,20,75,44,32,0.0,5,27,11,2,20,75,44,32,1,0.0,5,27,11,2,20,75,32,1,1.0,0.0,5,27,2,20
177770,279,3323,1107,1,1,4,362,44,32,1,0.0,5,27,11,2,20,75,44,32,0.0,5,27,11,2,20,75,44,32,1,0.0,5,27,11,2,20,75,32,1,1.0,0.0,5,27,2,20
389062,221,4405,1110,0,3,6,362,2,7,1,0.0,1,1,0,0,7,8,2,7,0.0,1,1,0,0,7,8,2,7,1,0.0,1,1,0,0,7,8,7,1,1.0,0.0,1,1,0,7
389062,221,4405,1110,0,3,6,362,2,7,1,0.0,1,1,0,0,7,8,2,7,0.0,1,1,0,0,7,8,2,7,1,0.0,1,1,0,0,7,8,7,1,1.0,0.0,1,1,0,7
389062,221,4405,1110,0,3,6,362,2,7,1,0.0,1,1,0,0,7,8,2,7,0.0,1,1,0,0,7,8,2,7,1,0.0,1,1,0,0,7,8,7,1,1.0,0.0,1,1,0,7
389062,221,4405,1111,0,3,6,362,2,7,1,0.0,1,1,0,0,7,8,2,7,0.0,1,1,0,0,7,8,2,7,1,0.0,1,1,0,0,7,8,7,1,1.0,0.0,1,1,0,7
389062,221,4405,1111,0,3,6,362,2,7,1,0.0,1,1,0,0,7,8,2,7,0.0,1,1,0,0,7,8,2,7,1,0.0,1,1,0,0,7,8,7,1,1.0,0.0,1,1,0,7
389062,221,4405,1111,0,3,6,362,2,7,1,0.0,1,1,0,0,7,8,2,7,0.0,1,1,0,0,7,8,2,7,1,0.0,1,1,0,0,7,8,7,1,1.0,0.0,1,1,0,7
227925,277,4282,627,1,0,0,5,1,0,0,0.0,0,5,0,0,0,1,1,0,0.0,0,1,0,0,0,1,1,0,0,0.0,0,5,0,0,0,1,0,0,0.0,0.0,0,5,0,0
383379,175,4760,1111,0,1,1,362,33,71,14,6.0,25,24,1,0,17,104,33,71,6.0,25,24,1,0,17,104,33,71,14,6.0,25,24,1,0,17,104,71,14,8.0,6.0,25,24,0,17
87972,175,4760,1109,1,0,1,362,33,71,14,6.0,25,24,1,0,17,104,33,71,6.0,25,24,1,0,17,104,33,71,14,6.0,25,24,1,0,17,104,71,14,8.0,6.0,25,24,0,17
165262,279,3323,1111,0,2,10,362,44,32,1,0.0,5,27,11,2,20,75,44,32,0.0,5,27,11,2,20,75,44,32,1,0.0,5,27,11,2,20,75,32,1,1.0,0.0,5,27,2,20
165262,279,3323,1111,0,2,10,362,44,32,1,0.0,5,27,11,2,20,75,44,32,0.0,5,27,11,2,20,75,44,32,1,0.0,5,27,11,2,20,75,32,1,1.0,0.0,5,27,2,20
165262,279,3323,1110,0,2,10,362,44,32,1,0.0,5,27,11,2,20,75,44,32,0.0,5,27,11,2,20,75,44,32,1,0.0,5,27,11,2,20,75,32,1,1.0,0.0,5,27,2,20
165262,279,3323,1110,0,2,10,362,44,32,1,0.0,5,27,11,2,20,75,44,32,0.0,5,27,11,2,20,75,44,32,1,0.0,5,27,11,2,20,75,32,1,1.0,0.0,5,27,2,20
165262,279,3323,1110,0,2,10,362,44,32,1,0.0,5,27,11,2,20,75,44,32,0.0,5,27,11,2,20,75,44,32,1,0.0,5,27,11,2,20,75,32,1,1.0,0.0,5,27,2,20
165262,279,3323,1110,0,2,10,362,44,32,1,0.0,5,27,11,2,20,75,44,32,0.0,5,27,11,2,20,75,44,32,1,0.0,5,27,11,2,20,75,32,1,1.0,0.0,5,27,2,20
165262,279,3323,1110,0,2,10,362,44,32,1,0.0,5,27,11,2,20,75,44,32,0.0,5,27,11,2,20,75,44,32,1,0.0,5,27,11,2,20,75,32,1,1.0,0.0,5,27,2,20
165262,279,3323,1110,0,2,10,362,44,32,1,0.0,5,27,11,2,20,75,44,32,0.0,5,27,11,2,20,75,44,32,1,0.0,5,27,11,2,20,75,32,1,1.0,0.0,5,27,2,20
165262,279,3323,1110,0,2,10,362,44,32,1,0.0,5,27,11,2,20,75,44,32,0.0,5,27,11,2,20,75,44,32,1,0.0,5,27,11,2,20,75,32,1,1.0,0.0,5,27,2,20
165262,279,3323,1110,0,2,10,362,44,32,1,0.0,5,27,11,2,20,75,44,32,0.0,5,27,11,2,20,75,44,32,1,0.0,5,27,11,2,20,75,32,1,1.0,0.0,5,27,2,20
97492,209,3766,1111,0,1,1,362,3,0,0,0.0,0,0,0,0,2,3,3,0,0.0,0,0,0,0,2,3,3,0,0,0.0,0,0,0,0,2,3,0,0,0.0,0.0,0,0,0,2
335815,198,145,1111,0,1,1,362,25,9,5,4.0,2,1,7,0,8,36,25,9,4.0,2,1,7,0,8,11,3,8,1,0.0,1,1,7,0,0,36,9,5,1.0,4.0,2,1,0,8
8552,211,2277,1111,0,1,2,362,11,19,2,0.0,16,8,0,0,2,30,11,19,0.0,16,8,0,0,2,30,11,19,2,0.0,16,8,0,0,2,30,19,2,2.0,0.0,16,8,0,2
8552,211,2277,1103,0,1,2,362,11,19,2,0.0,16,8,0,0,2,30,11,19,0.0,16,8,0,0,2,30,11,19,2,0.0,16,8,0,0,2,30,19,2,2.0,0.0,16,8,0,2
340708,211,2277,1111,0,3,3,362,11,19,2,0.0,16,8,0,0,2,30,11,19,0.0,16,8,0,0,2,30,11,19,2,0.0,16,8,0,0,2,30,19,2,2.0,0.0,16,8,0,2
340708,211,2277,1111,0,3,3,362,11,19,2,0.0,16,8,0,0,2,30,11,19,0.0,16,8,0,0,2,30,11,19,2,0.0,16,8,0,0,2,30,19,2,2.0,0.0,16,8,0,2
340708,211,2277,1111,0,3,3,362,11,19,2,0.0,16,8,0,0,2,30,11,19,0.0,16,8,0,0,2,30,11,19,2,0.0,16,8,0,0,2,30,19,2,2.0,0.0,16,8,0,2
127492,253,3263,1111,0,5,5,362,18,0,1,1.0,10,0,0,0,2,18,18,0,1.0,10,0,0,0,2,18,18,0,1,1.0,10,0,0,0,2,18,0,1,0.0,1.0,10,0,0,2
127492,253,3263,1111,0,5,5,362,18,0,1,1.0,10,0,0,0,2,18,18,0,1.0,10,0,0,0,2,18,18,0,1,1.0,10,0,0,0,2,18,0,1,0.0,1.0,10,0,0,2
127492,253,3263,1111,0,5,5,362,18,0,1,1.0,10,0,0,0,2,18,18,0,1.0,10,0,0,0,2,18,18,0,1,1.0,10,0,0,0,2,18,0,1,0.0,1.0,10,0,0,2
127492,253,3263,1111,0,5,5,362,18,0,1,1.0,10,0,0,0,2,18,18,0,1.0,10,0,0,0,2,18,18,0,1,1.0,10,0,0,0,2,18,0,1,0.0,1.0,10,0,0,2
127492,253,3263,1111,0,5,5,362,18,0,1,1.0,10,0,0,0,2,18,18,0,1.0,10,0,0,0,2,18,18,0,1,1.0,10,0,0,0,2,18,0,1,0.0,1.0,10,0,0,2
143411,175,4760,1111,0,2,2,362,33,71,14,6.0,25,24,1,0,17,104,33,71,6.0,25,24,1,0,17,104,33,71,14,6.0,25,24,1,0,17,104,71,14,8.0,6.0,25,24,0,17
143411,175,4760,1111,0,2,2,362,33,71,14,6.0,25,24,1,0,17,104,33,71,6.0,25,24,1,0,17,104,33,71,14,6.0,25,24,1,0,17,104,71,14,8.0,6.0,25,24,0,17
324110,224,4955,1111,0,2,2,362,10,2,3,2.0,2,8,0,0,2,12,10,2,2.0,2,8,0,0,2,12,10,2,3,2.0,2,8,0,0,2,12,2,3,1.0,2.0,2,8,0,2
324110,224,4955,1111,0,2,2,362,10,2,3,2.0,2,8,0,0,2,12,10,2,2.0,2,8,0,0,2,12,10,2,3,2.0,2,8,0,0,2,12,2,3,1.0,2.0,2,8,0,2
226193,175,4760,1111,0,1,1,362,33,71,14,6.0,25,24,1,0,17,104,33,71,6.0,25,24,1,0,17,104,33,71,14,6.0,25,24,1,0,17,104,71,14,8.0,6.0,25,24,0,17
108048,253,3263,1111,0,2,2,362,18,0,1,1.0,10,0,0,0,2,18,18,0,1.0,10,0,0,0,2,18,18,0,1,1.0,10,0,0,0,2,18,0,1,0.0,1.0,10,0,0,2
108048,253,3263,1111,0,2,2,362,18,0,1,1.0,10,0,0,0,2,18,18,0,1.0,10,0,0,0,2,18,18,0,1,1.0,10,0,0,0,2,18,0,1,0.0,1.0,10,0,0,2
355412,175,4760,1110,0,0,1,362,33,71,14,6.0,25,24,1,0,17,104,33,71,6.0,25,24,1,0,17,104,33,71,14,6.0,25,24,1,0,17,104,71,14,8.0,6.0,25,24,0,17
245259,190,1131,1111,0,1,1,362,6,0,0,0.0,0,6,0,0,0,6,6,0,0.0,0,6,0,0,0,6,6,0,0,0.0,0,6,0,0,0,6,0,0,0.0,0.0,0,6,0,0
251563,198,145,1111,0,1,1,362,25,9,5,4.0,2,1,7,0,8,36,25,9,4.0,2,1,7,0,8,11,3,8,1,0.0,1,1,7,0,0,36,9,5,1.0,4.0,2,1,0,8
81918,279,3323,603,0,1,1,5,44,2,1,0.0,5,27,11,2,20,3,44,2,0.0,5,27,11,2,20,3,44,2,1,0.0,5,27,11,2,20,3,2,1,1.0,0.0,5,27,2,20
81918,279,3323,1111,0,1,1,362,44,32,1,0.0,5,27,11,2,20,75,44,32,0.0,5,27,11,2,20,75,44,32,1,0.0,5,27,11,2,20,75,32,1,1.0,0.0,5,27,2,20
79189,277,4282,801,1,0,0,5,1,5,0,0.0,0,5,0,0,0,5,0,5,0.0,0,4,0,0,0,5,1,5,0,0.0,0,5,0,0,0,5,5,0,0.0,0.0,0,5,0,0
173653,224,4955,1111,0,2,2,362,10,2,3,2.0,2,8,0,0,2,12,10,2,2.0,2,8,0,0,2,12,10,2,3,2.0,2,8,0,0,2,12,2,3,1.0,2.0,2,8,0,2
173653,224,4955,1111,0,2,2,362,10,2,3,2.0,2,8,0,0,2,12,10,2,2.0,2,8,0,0,2,12,10,2,3,2.0,2,8,0,0,2,12,2,3,1.0,2.0,2,8,0,2
283745,169,4988,1110,0,0,2,362,0,2,0,0.0,0,2,0,0,0,2,0,2,0.0,0,2,0,0,0,2,0,2,0,0.0,0,2,0,0,0,2,2,0,0.0,0.0,0,2,0,0
283745,169,4988,1110,0,0,2,362,0,2,0,0.0,0,2,0,0,0,2,0,2,0.0,0,2,0,0,0,2,0,2,0,0.0,0,2,0,0,0,2,2,0,0.0,0.0,0,2,0,0
97762,277,4282,804,1,0,0,5,1,5,0,0.0,0,5,0,0,0,5,0,5,0.0,0,4,0,0,0,5,1,5,0,0.0,0,5,0,0,0,5,5,0,0.0,0.0,0,5,0,0
97762,277,4282,806,1,0,0,5,1,5,0,0.0,0,5,0,0,0,5,0,5,0.0,0,4,0,0,0,5,1,5,0,0.0,0,5,0,0,0,5,5,0,0.0,0.0,0,5,0,0
5534,198,145,1110,0,0,1,362,25,9,5,4.0,2,1,7,0,8,36,25,9,4.0,2,1,7,0,8,11,3,8,1,0.0,1,1,7,0,0,36,9,5,1.0,4.0,2,1,0,8
317444,209,3766,1110,0,0,1,362,3,0,0,0.0,0,0,0,0,2,3,3,0,0.0,0,0,0,0,2,3,3,0,0,0.0,0,0,0,0,2,3,0,0,0.0,0.0,0,0,0,2
32155,186,1200,1111,0,1,2,362,7,0,1,1.0,0,0,0,0,5,7,7,0,1.0,0,0,0,0,5,7,7,0,1,1.0,0,0,0,0,5,7,0,1,0.0,1.0,0,0,0,5
32155,186,1200,1110,0,1,2,362,7,0,1,1.0,0,0,0,0,5,7,7,0,1.0,0,0,0,0,5,7,7,0,1,1.0,0,0,0,0,5,7,0,1,0.0,1.0,0,0,0,5
29443,277,4282,806,0,0,0,5,1,5,0,0.0,0,5,0,0,0,5,0,5,0.0,0,4,0,0,0,5,1,5,0,0.0,0,5,0,0,0,5,5,0,0.0,0.0,0,5,0,0
364459,175,4760,1101,0,0,1,362,33,71,14,6.0,25,24,1,0,17,104,33,71,6.0,25,24,1,0,17,104,33,71,14,6.0,25,24,1,0,17,104,71,14,8.0,6.0,25,24,0,17
367079,279,3323,1111,0,1,1,362,44,32,1,0.0,5,27,11,2,20,75,44,32,0.0,5,27,11,2,20,75,44,32,1,0.0,5,27,11,2,20,75,32,1,1.0,0.0,5,27,2,20
348030,279,3323,1111,0,2,2,362,44,32,1,0.0,5,27,11,2,20,75,44,32,0.0,5,27,11,2,20,75,44,32,1,0.0,5,27,11,2,20,75,32,1,1.0,0.0,5,27,2,20
348030,279,3323,1111,0,2,2,362,44,32,1,0.0,5,27,11,2,20,75,44,32,0.0,5,27,11,2,20,75,44,32,1,0.0,5,27,11,2,20,75,32,1,1.0,0.0,5,27,2,20
4755,175,4760,1107,0,0,1,362,33,71,14,6.0,25,24,1,0,17,104,33,71,6.0,25,24,1,0,17,104,33,71,14,6.0,25,24,1,0,17,104,71,14,8.0,6.0,25,24,0,17
132884,224,4955,1111,0,1,1,362,10,2,3,2.0,2,8,0,0,2,12,10,2,2.0,2,8,0,0,2,12,10,2,3,2.0,2,8,0,0,2,12,2,3,1.0,2.0,2,8,0,2
246586,186,1200,1110,0,1,5,362,7,0,1,1.0,0,0,0,0,5,7,7,0,1.0,0,0,0,0,5,7,7,0,1,1.0,0,0,0,0,5,7,0,1,0.0,1.0,0,0,0,5
246586,186,1200,1110,0,1,5,362,7,0,1,1.0,0,0,0,0,5,7,7,0,1.0,0,0,0,0,5,7,7,0,1,1.0,0,0,0,0,5,7,0,1,0.0,1.0,0,0,0,5
246586,186,1200,1110,0,1,5,362,7,0,1,1.0,0,0,0,0,5,7,7,0,1.0,0,0,0,0,5,7,7,0,1,1.0,0,0,0,0,5,7,0,1,0.0,1.0,0,0,0,5
246586,186,1200,1110,0,1,5,362,7,0,1,1.0,0,0,0,0,5,7,7,0,1.0,0,0,0,0,5,7,7,0,1,1.0,0,0,0,0,5,7,0,1,0.0,1.0,0,0,0,5
246586,186,1200,1111,0,1,5,362,7,0,1,1.0,0,0,0,0,5,7,7,0,1.0,0,0,0,0,5,7,7,0,1,1.0,0,0,0,0,5,7,0,1,0.0,1.0,0,0,0,5
102477,279,3323,1110,0,0,2,362,44,32,1,0.0,5,27,11,2,20,75,44,32,0.0,5,27,11,2,20,75,44,32,1,0.0,5,27,11,2,20,75,32,1,1.0,0.0,5,27,2,20
102477,279,3323,1110,0,0,2,362,44,32,1,0.0,5,27,11,2,20,75,44,32,0.0,5,27,11,2,20,75,44,32,1,0.0,5,27,11,2,20,75,32,1,1.0,0.0,5,27,2,20
274624,219,1943,1111,0,5,6,362,8,13,5,2.0,7,6,0,0,2,21,8,13,2.0,7,6,0,0,2,21,8,13,5,2.0,7,6,0,0,2,21,13,5,3.0,2.0,7,6,0,2
274624,219,1943,1111,0,5,6,362,8,13,5,2.0,7,6,0,0,2,21,8,13,2.0,7,6,0,0,2,21,8,13,5,2.0,7,6,0,0,2,21,13,5,3.0,2.0,7,6,0,2
274624,219,1943,1111,0,5,6,362,8,13,5,2.0,7,6,0,0,2,21,8,13,2.0,7,6,0,0,2,21,8,13,5,2.0,7,6,0,0,2,21,13,5,3.0,2.0,7,6,0,2
274624,219,1943,1111,0,5,6,362,8,13,5,2.0,7,6,0,0,2,21,8,13,2.0,7,6,0,0,2,21,8,13,5,2.0,7,6,0,0,2,21,13,5,3.0,2.0,7,6,0,2
274624,219,1943,1105,0,5,6,362,8,13,5,2.0,7,6,0,0,2,21,8,13,2.0,7,6,0,0,2,21,8,13,5,2.0,7,6,0,0,2,21,13,5,3.0,2.0,7,6,0,2
274624,219,1943,1111,0,5,6,362,8,13,5,2.0,7,6,0,0,2,21,8,13,2.0,7,6,0,0,2,21,8,13,5,2.0,7,6,0,0,2,21,13,5,3.0,2.0,7,6,0,2
175206,175,4760,1111,0,3,3,362,33,71,14,6.0,25,24,1,0,17,104,33,71,6.0,25,24,1,0,17,104,33,71,14,6.0,25,24,1,0,17,104,71,14,8.0,6.0,25,24,0,17
175206,175,4760,1111,0,3,3,362,33,71,14,6.0,25,24,1,0,17,104,33,71,6.0,25,24,1,0,17,104,33,71,14,6.0,25,24,1,0,17,104,71,14,8.0,6.0,25,24,0,17
175206,175,4760,1111,0,3,3,362,33,71,14,6.0,25,24,1,0,17,104,33,71,6.0,25,24,1,0,17,104,33,71,14,6.0,25,24,1,0,17,104,71,14,8.0,6.0,25,24,0,17
123833,175,4760,1108,0,0,1,362,33,71,14,6.0,25,24,1,0,17,104,33,71,6.0,25,24,1,0,17,104,33,71,14,6.0,25,24,1,0,17,104,71,14,8.0,6.0,25,24,0,17
367500,221,4405,1110,0,0,1,362,2,7,1,0.0,1,1,0,0,7,8,2,7,0.0,1,1,0,0,7,8,2,7,1,0.0,1,1,0,0,7,8,7,1,1.0,0.0,1,1,0,7
355808,279,3323,1111,0,1,2,362,44,32,1,0.0,5,27,11,2,20,75,44,32,0.0,5,27,11,2,20,75,44,32,1,0.0,5,27,11,2,20,75,32,1,1.0,0.0,5,27,2,20
355808,279,3323,1110,0,1,2,362,44,32,1,0.0,5,27,11,2,20,75,44,32,0.0,5,27,11,2,20,75,44,32,1,0.0,5,27,11,2,20,75,32,1,1.0,0.0,5,27,2,20
28461,184,145,1111,0,2,2,362,25,9,5,4.0,2,1,7,0,8,36,25,9,4.0,2,1,7,0,8,25,22,1,4,4.0,1,0,0,0,8,36,9,5,1.0,4.0,2,1,0,8
28461,184,145,1111,0,2,2,362,25,9,5,4.0,2,1,7,0,8,36,25,9,4.0,2,1,7,0,8,25,22,1,4,4.0,1,0,0,0,8,36,9,5,1.0,4.0,2,1,0,8
35597,269,2443,1110,0,0,1,362,0,1,0,0.0,0,0,0,0,1,1,0,1,0.0,0,0,0,0,1,1,0,1,0,0.0,0,0,0,0,1,1,1,0,0.0,0.0,0,0,0,1
352780,175,4760,1111,0,2,2,362,33,71,14,6.0,25,24,1,0,17,104,33,71,6.0,25,24,1,0,17,104,33,71,14,6.0,25,24,1,0,17,104,71,14,8.0,6.0,25,24,0,17
352780,175,4760,1111,0,2,2,362,33,71,14,6.0,25,24,1,0,17,104,33,71,6.0,25,24,1,0,17,104,33,71,14,6.0,25,24,1,0,17,104,71,14,8.0,6.0,25,24,0,17
78667,175,4760,1026,0,0,1,5,33,1,14,6.0,25,24,1,0,17,1,33,1,6.0,25,24,1,0,17,1,33,1,14,6.0,25,24,1,0,17,1,1,14,8.0,6.0,25,24,0,17
257735,312,4129,1108,0,0,1,362,4,0,0,0.0,1,1,0,0,0,3,4,0,0.0,1,1,0,0,0,3,4,0,0,0.0,1,1,0,0,0,3,0,0,0.0,0.0,1,1,0,0
165083,215,2820,1001,0,0,0,5,0,1,0,0.0,0,0,0,0,0,1,0,1,0.0,0,0,0,0,0,1,0,1,0,0.0,0,0,0,0,0,1,1,0,0.0,0.0,0,0,0,0
90821,279,3323,1111,0,1,1,362,44,32,1,0.0,5,27,11,2,20,75,44,32,0.0,5,27,11,2,20,75,44,32,1,0.0,5,27,11,2,20,75,32,1,1.0,0.0,5,27,2,20
289430,312,4129,1022,0,0,1,5,4,0,0,0.0,1,1,0,0,0,1,4,0,0.0,1,1,0,0,0,1,4,0,0,0.0,1,1,0,0,0,1,0,0,0.0,0.0,1,1,0,0
251644,312,4129,1108,0,0,1,362,4,0,0,0.0,1,1,0,0,0,3,4,0,0.0,1,1,0,0,0,3,4,0,0,0.0,1,1,0,0,0,3,0,0,0.0,0.0,1,1,0,0
283392,279,3323,1111,1,1,1,362,44,32,1,0.0,5,27,11,2,20,75,44,32,0.0,5,27,11,2,20,75,44,32,1,0.0,5,27,11,2,20,75,32,1,1.0,0.0,5,27,2,20
353886,175,4760,1111,0,1,1,362,33,71,14,6.0,25,24,1,0,17,104,33,71,6.0,25,24,1,0,17,104,33,71,14,6.0,25,24,1,0,17,104,71,14,8.0,6.0,25,24,0,17
353447,170,3828,601,0,0,0,5,2,0,0,0.0,0,0,0,0,1,1,2,0,0.0,0,0,0,0,1,1,2,0,0,0.0,0,0,0,0,1,1,0,0,0.0,0.0,0,0,0,1
131122,315,2642,1111,0,1,1,362,1,0,0,0.0,0,0,0,0,1,1,1,0,0.0,0,0,0,0,1,1,1,0,0,0.0,0,0,0,0,1,1,0,0,0.0,0.0,0,0,0,1
117310,175,4760,1111,0,3,3,362,33,71,14,6.0,25,24,1,0,17,104,33,71,6.0,25,24,1,0,17,104,33,71,14,6.0,25,24,1,0,17,104,71,14,8.0,6.0,25,24,0,17
117310,175,4760,1111,0,3,3,362,33,71,14,6.0,25,24,1,0,17,104,33,71,6.0,25,24,1,0,17,104,33,71,14,6.0,25,24,1,0,17,104,71,14,8.0,6.0,25,24,0,17
117310,175,4760,1111,0,3,3,362,33,71,14,6.0,25,24,1,0,17,104,33,71,6.0,25,24,1,0,17,104,33,71,14,6.0,25,24,1,0,17,104,71,14,8.0,6.0,25,24,0,17
59028,175,4760,1110,0,0,1,362,33,71,14,6.0,25,24,1,0,17,104,33,71,6.0,25,24,1,0,17,104,33,71,14,6.0,25,24,1,0,17,104,71,14,8.0,6.0,25,24,0,17
52647,184,145,1111,0,1,1,362,25,9,5,4.0,2,1,7,0,8,36,25,9,4.0,2,1,7,0,8,25,22,1,4,4.0,1,0,0,0,8,36,9,5,1.0,4.0,2,1,0,8
2448,279,3323,617,0,0,0,5,44,2,1,0.0,5,27,11,2,20,3,44,2,0.0,5,27,11,2,20,3,44,2,1,0.0,5,27,11,2,20,3,2,1,1.0,0.0,5,27,2,20
2448,279,3323,617,0,0,0,5,44,2,1,0.0,5,27,11,2,20,3,44,2,0.0,5,27,11,2,20,3,44,2,1,0.0,5,27,11,2,20,3,2,1,1.0,0.0,5,27,2,20
163584,175,4760,1111,0,1,1,362,33,71,14,6.0,25,24,1,0,17,104,33,71,6.0,25,24,1,0,17,104,33,71,14,6.0,25,24,1,0,17,104,71,14,8.0,6.0,25,24,0,17
295977,221,4405,1101,0,0,1,362,2,7,1,0.0,1,1,0,0,7,8,2,7,0.0,1,1,0,0,7,8,2,7,1,0.0,1,1,0,0,7,8,7,1,1.0,0.0,1,1,0,7
62849,279,3323,1110,0,0,2,362,44,32,1,0.0,5,27,11,2,20,75,44,32,0.0,5,27,11,2,20,75,44,32,1,0.0,5,27,11,2,20,75,32,1,1.0,0.0,5,27,2,20
62849,279,3323,1109,0,0,2,362,44,32,1,0.0,5,27,11,2,20,75,44,32,0.0,5,27,11,2,20,75,44,32,1,0.0,5,27,11,2,20,75,32,1,1.0,0.0,5,27,2,20
125558,279,3323,1111,0,2,3,362,44,32,1,0.0,5,27,11,2,20,75,44,32,0.0,5,27,11,2,20,75,44,32,1,0.0,5,27,11,2,20,75,32,1,1.0,0.0,5,27,2,20
125558,279,3323,1111,0,2,3,362,44,32,1,0.0,5,27,11,2,20,75,44,32,0.0,5,27,11,2,20,75,44,32,1,0.0,5,27,11,2,20,75,32,1,1.0,0.0,5,27,2,20
125558,279,3323,1030,0,2,3,5,44,0,1,0.0,5,27,11,2,20,1,44,0,0.0,5,27,11,2,20,1,44,0,1,0.0,5,27,11,2,20,1,0,1,1.0,0.0,5,27,2,20
274843,198,145,1111,0,1,1,362,25,9,5,4.0,2,1,7,0,8,36,25,9,4.0,2,1,7,0,8,11,3,8,1,0.0,1,1,7,0,0,36,9,5,1.0,4.0,2,1,0,8
263873,184,145,1109,0,0,1,362,25,9,5,4.0,2,1,7,0,8,36,25,9,4.0,2,1,7,0,8,25,22,1,4,4.0,1,0,0,0,8,36,9,5,1.0,4.0,2,1,0,8
378696,175,4760,1110,0,0,1,362,33,71,14,6.0,25,24,1,0,17,104,33,71,6.0,25,24,1,0,17,104,33,71,14,6.0,25,24,1,0,17,104,71,14,8.0,6.0,25,24,0,17
239687,279,3323,1111,0,1,1,362,44,32,1,0.0,5,27,11,2,20,75,44,32,0.0,5,27,11,2,20,75,44,32,1,0.0,5,27,11,2,20,75,32,1,1.0,0.0,5,27,2,20
148970,279,3323,524,1,0,0,8,44,6,1,0.0,5,27,11,2,20,6,44,6,0.0,5,27,11,2,20,6,44,6,1,0.0,5,27,11,2,20,6,6,1,1.0,0.0,5,27,2,20
148970,279,3323,522,1,0,0,8,44,6,1,0.0,5,27,11,2,20,6,44,6,0.0,5,27,11,2,20,6,44,6,1,0.0,5,27,11,2,20,6,6,1,1.0,0.0,5,27,2,20
148970,279,3323,529,1,0,0,8,44,6,1,0.0,5,27,11,2,20,6,44,6,0.0,5,27,11,2,20,6,44,6,1,0.0,5,27,11,2,20,6,6,1,1.0,0.0,5,27,2,20
148970,279,3323,522,1,0,0,8,44,6,1,0.0,5,27,11,2,20,6,44,6,0.0,5,27,11,2,20,6,44,6,1,0.0,5,27,11,2,20,6,6,1,1.0,0.0,5,27,2,20
148970,279,3323,522,1,0,0,8,44,6,1,0.0,5,27,11,2,20,6,44,6,0.0,5,27,11,2,20,6,44,6,1,0.0,5,27,11,2,20,6,6,1,1.0,0.0,5,27,2,20
148970,279,3323,522,1,0,0,8,44,6,1,0.0,5,27,11,2,20,6,44,6,0.0,5,27,11,2,20,6,44,6,1,0.0,5,27,11,2,20,6,6,1,1.0,0.0,5,27,2,20
257966,279,3323,1111,1,1,1,362,44,32,1,0.0,5,27,11,2,20,75,44,32,0.0,5,27,11,2,20,75,44,32,1,0.0,5,27,11,2,20,75,32,1,1.0,0.0,5,27,2,20
401399,190,1131,1109,1,0,1,362,6,0,0,0.0,0,6,0,0,0,6,6,0,0.0,0,6,0,0,0,6,6,0,0,0.0,0,6,0,0,0,6,0,0,0.0,0.0,0,6,0,0
187060,190,1131,1108,0,0,1,362,6,0,0,0.0,0,6,0,0,0,6,6,0,0.0,0,6,0,0,0,6,6,0,0,0.0,0,6,0,0,0,6,0,0,0.0,0.0,0,6,0,0
15100,211,2277,1106,0,0,1,362,11,19,2,0.0,16,8,0,0,2,30,11,19,0.0,16,8,0,0,2,30,11,19,2,0.0,16,8,0,0,2,30,19,2,2.0,0.0,16,8,0,2
218579,175,4760,1111,0,1,1,362,33,71,14,6.0,25,24,1,0,17,104,33,71,6.0,25,24,1,0,17,104,33,71,14,6.0,25,24,1,0,17,104,71,14,8.0,6.0,25,24,0,17
132803,191,2226,1109,0,0,1,362,1,0,0,0.0,1,0,0,0,0,1,1,0,0.0,1,0,0,0,0,1,1,0,0,0.0,1,0,0,0,0,20,0,3,0.0,3.0,1,0,0,0
12875,279,3323,1105,0,0,1,362,44,32,1,0.0,5,27,11,2,20,75,44,32,0.0,5,27,11,2,20,75,44,32,1,0.0,5,27,11,2,20,75,32,1,1.0,0.0,5,27,2,20
44606,184,145,1111,0,2,2,362,25,9,5,4.0,2,1,7,0,8,36,25,9,4.0,2,1,7,0,8,25,22,1,4,4.0,1,0,0,0,8,36,9,5,1.0,4.0,2,1,0,8
44606,184,145,1111,0,2,2,362,25,9,5,4.0,2,1,7,0,8,36,25,9,4.0,2,1,7,0,8,25,22,1,4,4.0,1,0,0,0,8,36,9,5,1.0,4.0,2,1,0,8
258575,253,3263,1110,0,0,1,362,18,0,1,1.0,10,0,0,0,2,18,18,0,1.0,10,0,0,0,2,18,18,0,1,1.0,10,0,0,0,2,18,0,1,0.0,1.0,10,0,0,2
60425,175,4760,1110,0,3,6,362,33,71,14,6.0,25,24,1,0,17,104,33,71,6.0,25,24,1,0,17,104,33,71,14,6.0,25,24,1,0,17,104,71,14,8.0,6.0,25,24,0,17
60425,175,4760,1110,0,3,6,362,33,71,14,6.0,25,24,1,0,17,104,33,71,6.0,25,24,1,0,17,104,33,71,14,6.0,25,24,1,0,17,104,71,14,8.0,6.0,25,24,0,17
60425,175,4760,1110,0,3,6,362,33,71,14,6.0,25,24,1,0,17,104,33,71,6.0,25,24,1,0,17,104,33,71,14,6.0,25,24,1,0,17,104,71,14,8.0,6.0,25,24,0,17
60425,175,4760,1111,0,3,6,362,33,71,14,6.0,25,24,1,0,17,104,33,71,6.0,25,24,1,0,17,104,33,71,14,6.0,25,24,1,0,17,104,71,14,8.0,6.0,25,24,0,17
60425,175,4760,1111,0,3,6,362,33,71,14,6.0,25,24,1,0,17,104,33,71,6.0,25,24,1,0,17,104,33,71,14,6.0,25,24,1,0,17,104,71,14,8.0,6.0,25,24,0,17
60425,175,4760,1111,0,3,6,362,33,71,14,6.0,25,24,1,0,17,104,33,71,6.0,25,24,1,0,17,104,33,71,14,6.0,25,24,1,0,17,104,71,14,8.0,6.0,25,24,0,17
340104,253,3263,1111,0,1,1,362,18,0,1,1.0,10,0,0,0,2,18,18,0,1.0,10,0,0,0,2,18,18,0,1,1.0,10,0,0,0,2,18,0,1,0.0,1.0,10,0,0,2
113078,175,4760,1111,0,1,1,362,33,71,14,6.0,25,24,1,0,17,104,33,71,6.0,25,24,1,0,17,104,33,71,14,6.0,25,24,1,0,17,104,71,14,8.0,6.0,25,24,0,17
229569,211,2277,1109,0,0,6,362,11,19,2,0.0,16,8,0,0,2,30,11,19,0.0,16,8,0,0,2,30,11,19,2,0.0,16,8,0,0,2,30,19,2,2.0,0.0,16,8,0,2
229569,211,2277,1108,0,0,6,362,11,19,2,0.0,16,8,0,0,2,30,11,19,0.0,16,8,0,0,2,30,11,19,2,0.0,16,8,0,0,2,30,19,2,2.0,0.0,16,8,0,2
229569,211,2277,1108,0,0,6,362,11,19,2,0.0,16,8,0,0,2,30,11,19,0.0,16,8,0,0,2,30,11,19,2,0.0,16,8,0,0,2,30,19,2,2.0,0.0,16,8,0,2
229569,211,2277,1108,0,0,6,362,11,19,2,0.0,16,8,0,0,2,30,11,19,0.0,16,8,0,0,2,30,11,19,2,0.0,16,8,0,0,2,30,19,2,2.0,0.0,16,8,0,2
229569,211,2277,1108,0,0,6,362,11,19,2,0.0,16,8,0,0,2,30,11,19,0.0,16,8,0,0,2,30,11,19,2,0.0,16,8,0,0,2,30,19,2,2.0,0.0,16,8,0,2
229569,211,2277,1108,0,0,6,362,11,19,2,0.0,16,8,0,0,2,30,11,19,0.0,16,8,0,0,2,30,11,19,2,0.0,16,8,0,0,2,30,19,2,2.0,0.0,16,8,0,2
289079,279,3323,1111,1,1,1,362,44,32,1,0.0,5,27,11,2,20,75,44,32,0.0,5,27,11,2,20,75,44,32,1,0.0,5,27,11,2,20,75,32,1,1.0,0.0,5,27,2,20
72143,221,4405,1026,0,0,1,5,2,0,1,0.0,1,1,0,0,7,1,2,0,0.0,1,1,0,0,7,1,2,0,1,0.0,1,1,0,0,7,1,0,1,1.0,0.0,1,1,0,7
403117,175,4760,1111,0,1,1,362,33,71,14,6.0,25,24,1,0,17,104,33,71,6.0,25,24,1,0,17,104,33,71,14,6.0,25,24,1,0,17,104,71,14,8.0,6.0,25,24,0,17
36385,219,1943,1111,0,2,2,362,8,13,5,2.0,7,6,0,0,2,21,8,13,2.0,7,6,0,0,2,21,8,13,5,2.0,7,6,0,0,2,21,13,5,3.0,2.0,7,6,0,2
36385,219,1943,1111,0,2,2,362,8,13,5,2.0,7,6,0,0,2,21,8,13,2.0,7,6,0,0,2,21,8,13,5,2.0,7,6,0,0,2,21,13,5,3.0,2.0,7,6,0,2
122632,175,4760,1109,0,0,3,362,33,71,14,6.0,25,24,1,0,17,104,33,71,6.0,25,24,1,0,17,104,33,71,14,6.0,25,24,1,0,17,104,71,14,8.0,6.0,25,24,0,17
122632,175,4760,1108,0,0,3,362,33,71,14,6.0,25,24,1,0,17,104,33,71,6.0,25,24,1,0,17,104,33,71,14,6.0,25,24,1,0,17,104,71,14,8.0,6.0,25,24,0,17
122632,175,4760,1108,0,0,3,362,33,71,14,6.0,25,24,1,0,17,104,33,71,6.0,25,24,1,0,17,104,33,71,14,6.0,25,24,1,0,17,104,71,14,8.0,6.0,25,24,0,17
95362,253,3263,1111,0,1,1,362,18,0,1,1.0,10,0,0,0,2,18,18,0,1.0,10,0,0,0,2,18,18,0,1,1.0,10,0,0,0,2,18,0,1,0.0,1.0,10,0,0,2
99823,175,4760,1110,0,0,1,362,33,71,14,6.0,25,24,1,0,17,104,33,71,6.0,25,24,1,0,17,104,33,71,14,6.0,25,24,1,0,17,104,71,14,8.0,6.0,25,24,0,17
